albedo,green_cover_pct,building_density,distance_to_water_km,temp
0.1941330678220892,20.430614075571818,0.5991943565309281,5.0,44.911
0.1987480428363477,21.056057344966657,0.7859712065287682,3.864789394253733,47.113
0.20900891518100712,29.265666399486975,0.46681273477056356,5.0,42.587
0.15469999622743977,23.958644272857413,0.5638057200973343,5.0,45.396
0.18709005452200106,10.723369018268706,0.9602516846827303,0.7339677138741023,49.597
0.22258744106424708,26.53539016552934,0.5063034090932488,5.0,43.099
0.2724707376669362,33.36607098653367,0.31326485814542115,5.0,38.408
0.20246406008904208,13.802137859312976,0.541026440199082,5.0,45.964
0.22304731707106465,10.582437692336885,0.820903755772144,3.4895658094656663,48.508
0.15268710216423664,21.608751113141743,0.8607870253078606,5.0,49.311
0.17316192430819077,34.10010305538782,0.5976050247585529,4.203203708192619,43.663
0.11751339032168001,6.824523776222724,0.7739472244953927,5.0,51.178
0.1852636289732868,19.147171267092787,0.6765140229298011,3.390089754503668,45.713
0.1657850300559704,24.52586969354205,0.6672074084480666,5.0,46.474
0.20725704102889686,13.281086182913949,0.71693845795085,3.0232725269730243,46.541
0.17034949105714708,27.453118605086054,0.7322101152480295,5.0,46.173
0.22219186659610615,42.69612768431291,0.46665669305116575,5.0,40.018
0.1597956999928586,16.270637447639885,0.6566312045028203,5.0,46.74
0.2037788716691213,21.100726532654676,0.7404222017068146,3.1322837874636105,46.722
0.21401623589234778,34.054977577148996,0.4074960854022142,5.0,41.013
0.1237056685709129,4.641579013567423,0.7223585139822306,3.5305197933211474,50.251
0.16196032231026658,25.164350002148865,0.5538809506363556,5.0,44.933
0.1420803670846148,25.54171083879962,0.6319699048682382,5.0,46.47
0.1830064365031503,3.623679178797463,1.0,5.0,52.806
0.24575067621206545,23.779073094578862,0.5245252353172974,5.0,43.274
0.12781675261256056,17.729988975216322,0.7587967431168795,5.0,48.582
0.21098912695853186,15.987258574878783,0.5519701609394505,2.696895862138308,43.678
0.13022794451338754,18.160814716052972,0.47210332937438776,5.0,44.664
0.12795270212091167,14.77536526892288,0.6750631532088673,5.0,48.147
0.13973559190076973,9.08416098588605,0.5269236103638799,5.0,46.635
0.1962742116421092,25.420346121425627,0.48625263843726485,5.0,44.292
0.1795920254003729,17.72364625371354,0.7713185236461082,3.2866752045366514,47.046
0.16563737777998158,23.940251649110117,0.6674056003659156,5.0,45.832
0.21603935986704853,18.503517532798398,0.635477620519238,3.5068625412720498,44.557
0.14198596855598097,9.10426045143284,0.8139375660822149,5.0,50.224
0.14217627473444125,21.8479924039931,0.5638389106886399,5.0,44.802
0.14416916018393172,12.05132172798928,0.6367834885097943,4.11026740013149,47.544
0.10887555201336069,15.701972805947843,0.5477462356498657,5.0,45.673
0.21333527939611638,29.185567409292492,0.7562719039208723,4.238521871428166,45.132
0.16859514314971286,22.957414215912944,0.6120499946524847,5.0,45.825
0.13121439288521766,9.68987507284595,0.7608851770811629,5.0,48.599
0.21818414611328882,31.07198969978821,0.6076306687645795,5.0,43.417
0.18407929015745683,11.319279865172213,0.6405894928606248,5.0,46.921
0.2637007223345137,19.27067697063823,0.3938457698562504,5.0,41.068
0.1648854046041337,17.68577519323437,0.49618670787947844,5.0,43.684
0.1472159697268067,14.490184533035505,0.9311221975392959,5.0,50.738
0.21973709197384306,34.21750306419864,0.24720700910482796,5.0,38.687
0.21525810694205513,12.927305521535404,0.5760328320408045,4.256201537291143,44.139
0.18612382825549242,19.60879604405837,0.673544625929479,5.0,45.618
0.15087339873687,9.503282010679463,0.7836309840925147,0.9737009896765121,48.925
0.11632340157698061,13.297912334017662,0.6740570264578551,3.5365682044128315,49.101
0.1378381728040346,8.519519844693372,0.7630797359162834,0.9799329122479135,48.644
0.2378574162054673,26.485235276598527,0.8202849906020886,0.8305414233855659,44.538
0.13379905628314948,4.973552683740364,0.8026827108197612,2.167579401250048,50.498
0.2597760994564483,18.472575560744332,0.68376667631846,5.0,45.462
0.13178924440033962,15.695903225522335,0.765564243803522,0.038797491300543774,39.59
0.16052508692565343,13.218675222741526,0.7081743063961456,3.2210652502856085,48.371
0.19420033395317832,13.18120569976864,0.75258195164162,4.075922822420852,48.028
0.14704270320815882,13.040330654119867,0.6424577848955493,2.645836868655984,47.319
0.23021842988714686,46.61702211613,0.1759265839065018,5.0,36.39
0.22787356390434552,27.673112266399194,0.5769056477822608,5.0,43.438
0.18227237009910668,31.271951000723057,0.17607917860559832,5.0,38.824
0.12280040927995049,7.825130696915339,0.8271298262341108,5.0,50.817
0.14747066330192468,12.376739388056569,0.8975801679133539,3.0826689091226926,50.246
0.1455085823908465,10.491459545730015,0.7839638722932355,0.20235206979395887,45.099
0.19626486967252027,13.425643455303025,0.8125516936795458,5.0,48.34
0.10871728065527828,5.161362943616315,0.8704320938057598,4.5205641173730555,52.16
0.21957348896246515,33.662627044964225,0.2959916349607511,5.0,39.834
0.2187481177602489,31.929901418722974,0.44895622041621075,5.0,40.755
0.18859822264293385,15.16387262819731,0.6755391624612037,2.03729891619565,46.699
0.2438484182522472,25.34293489210501,0.6335536210073318,1.7786124461800508,43.82
0.12342608488786175,22.303858186656228,0.6872826442950776,5.0,46.933
0.15825708254401957,13.677378145266395,0.6094527796832394,5.0,46.835
0.15532537594071352,11.125853411963046,0.7417102595458673,2.61389898021958,48.283
0.16777412929749516,18.750322188845647,0.49458546024782835,5.0,44.337
0.19113458120791632,30.37266245684613,0.6433185530296632,5.0,43.46
0.14025699270813538,20.69169846664542,0.8182266055266618,0.7228219282752651,46.284
0.19247077597910592,28.16444999184845,0.6235823882492929,5.0,44.231
0.21244300495644652,37.68876822301795,0.46213115404287364,5.0,40.46
0.21095857906165683,20.27851614046507,0.41829070509775035,0.9213534423862543,41.494
0.19472217297170746,13.456999187027046,0.7165035734380037,4.096167935969605,47.515
0.16951741565090234,12.523512090743882,0.8181849055511131,5.0,48.818
0.12533470184353782,16.658003864169658,0.8287676734997067,5.0,49.204
0.1561328590845361,7.329979618572072,0.5475891885826644,5.0,47.051
0.21161224267985165,24.018493652417845,0.7564340875934684,5.0,47.324
0.17000566624325475,32.30406085711121,0.5212362407562484,5.0,43.055
0.17587635401542093,16.268775984014578,0.7254522145308681,3.381040958184572,46.959
0.188731748911836,11.33294531846266,0.5943606640502453,2.3516196478217166,45.305
0.1884574822023917,17.705501733044215,0.7648627482389676,5.0,47.981
0.1467642274724934,0.0,0.7662313437344881,0.15430854251949944,44.705
0.18845472125709034,9.716413129910565,0.46629913278859575,5.0,44.154
0.25175567497218443,24.319219235728525,0.5156863105943309,5.0,42.755
0.16179232379535305,22.1175848283337,0.702502876359318,3.9246640681022633,46.723
0.17115703604853394,20.44208734608351,0.48734018074387053,1.1633301440916055,42.873
0.21001560788396267,30.800559425705934,0.16844021450975558,5.0,39.167
0.24111891104425537,24.02496900285409,0.4506711618060752,5.0,41.464
0.13393965092610757,16.116089568567823,0.7473197749095061,2.538551976455563,48.193
0.23318853894000585,9.577196889326029,0.6733483995894757,1.9506066428653779,45.597
0.1,15.005398378541956,0.7369149755640659,5.0,49.003
0.11303506127488545,15.478145382819786,0.7950219726156391,0.89980255499853,48.646
0.15748870620840869,13.624352227190483,0.7399513574335951,3.986483889223628,47.625
0.20164324737674905,8.43736600741218,0.6490766081490252,5.0,47.604
0.1310326689125689,14.803964104409504,0.657227098849696,4.704053056629012,47.729
0.24855027866132726,18.052813851456794,0.5559495374887684,2.744897594882947,43.136
0.1453059112664347,15.291068179964354,0.7090323226054904,5.0,48.008
0.12003146784148752,20.119183015720953,0.7728102450416898,5.0,48.13
0.1714839113623937,19.219741379991724,0.8147532108825353,5.0,47.66
0.19039555006951467,16.49084217471392,0.49362417758087357,5.0,44.119
0.11916910018605067,25.50868266644946,0.8510058339184147,5.0,49.631
0.216364701687649,18.66580472825257,0.6444880928913779,5.0,45.889
0.17627597964815642,11.613735958228723,0.6125877001419859,1.3558096629978091,45.255
0.27243202503139813,37.29069850465705,0.5329549301561256,5.0,39.865
0.18888250166048332,20.542791046748146,0.6182781545941147,5.0,45.403
0.22093161828566174,24.396019096149793,0.6760302236951466,5.0,45.743
0.21151989522964953,14.445764028832848,0.43948545170686415,5.0,43.284
0.10003161210864595,11.029706181493935,0.7522101643710867,3.6049701781672194,49.328
0.16902290485656168,14.080797704748981,0.49487212775264494,5.0,44.549
0.11265829913736523,3.535578229730567,0.8281982885269039,5.0,51.63
0.1354060400303552,22.251871975108994,0.3880556195890879,3.47000868931578,43.169
0.1743217361439078,26.92466486165368,0.7803774998530112,5.0,46.676
0.15511286097195787,21.420193037498205,0.6421775052839093,5.0,45.841
0.19189739352388654,10.501030763080072,0.715787923901479,5.0,47.909
0.1793575245518843,21.617997730680937,0.6006945233473695,5.0,45.343
0.24390469879109686,35.815346253761426,0.41046904739145174,5.0,39.616
0.14515448519341426,15.925250021738066,0.7978522202528495,3.674492440310955,49.623
0.23977087053643267,32.27916818842456,0.3639524775110931,5.0,39.936
0.16678627810696808,12.07815896674153,0.8982433775206757,5.0,50.583
0.14853109036953843,6.246357699388588,0.6405177519538622,3.511544904189215,48.149
0.13150884372884725,17.590065827026983,0.7158313249518662,4.867141029747277,48.21
0.23804812332595562,32.71032963752205,0.422672951637761,5.0,40.408
0.1462093490315766,16.128767765047318,0.8130916682439601,4.215918444346605,49.733
0.1953816856242857,27.43798050957234,0.897186878529441,2.103327271235802,46.908
0.17944627194646562,7.014370019243497,0.46819903106268457,2.6746773679270075,44.804
0.16464176517350157,11.587598779025246,0.6997140808020654,5.0,47.486
0.1667301250061139,17.175507042903426,0.702604576349035,0.2376261412006645,42.45
0.1,8.364687492436152,0.8432366326446317,3.97465942882813,50.799
0.16699274877243667,23.28886575068418,0.5771973068884393,5.0,44.932
0.2197106063251795,19.83213069152414,0.8739688259503201,5.0,48.416
0.10556408794655288,8.637096261910306,0.5893886821865438,5.0,47.354
0.1824810150506901,20.63226272174707,0.5867352162999194,4.109485808711937,45.111
0.19019619240996805,8.76939091395132,0.7488792337780277,2.676920089962472,48.777
0.13602043273412973,23.528400073673915,0.7418367295685969,4.452638488103111,47.284
0.1,14.985997084332995,0.6506821029351895,3.7075799294747425,47.447
0.18036398949187035,10.875989294576627,0.6581041982760826,5.0,47.62
0.12791847766163164,9.62059499715605,0.5920323375636856,1.3446287939887678,46.674
0.18360024507361528,16.29132190040605,0.7133205996354006,3.777199511337177,47.205
0.129345703725635,14.414559336412289,0.8499971469666624,4.071269501061616,49.457
0.16198175977693616,14.968547473739795,0.8265188153575522,5.0,48.989
0.12928885089064915,23.329226565060843,0.7865212791477862,5.0,48.132
0.21944392473889074,32.649477810291074,0.7049486492860049,3.0528747678989943,44.646
0.1981202429862536,9.828420122512842,0.8056392858940097,4.886355765026025,48.344
0.12628787804759284,15.570008448374127,0.8420882233776076,5.0,49.921
0.19223947245616743,7.7210631203498945,0.8285409982689433,5.0,49.133
0.15052313458172514,11.519183976387655,0.8656869184611244,3.4944328670428444,50.314
0.2360209406224207,32.80849434557173,0.5568063622603038,5.0,41.964
0.18786732318252766,8.354525473875231,0.6897555159461136,5.0,48.184
0.15340725820556309,23.00955554212302,0.59486791705737,5.0,45.326
0.22617461742549638,15.068266710518847,0.6626944198631678,5.0,46.021
0.15750039692678183,17.54815014633715,0.8553431390245407,2.8842751108593805,49.36
0.16875716598407853,26.56237494164911,0.7368403375999792,4.723967001641382,45.969
0.1540787212342734,15.329258795429835,0.6821659692307019,5.0,47.378
0.2373778913373205,42.82183884925492,0.30915088885447445,5.0,37.048
0.21389568683771096,25.38610989091733,0.7070775711744101,5.0,45.57
0.1825223827523066,24.423973100056045,0.6828622127377453,5.0,45.997
0.15084888426037651,24.596161325791847,0.673694116021427,3.357097758284509,46.726
0.12335449928458214,23.299488185044456,0.8449999775565518,0.6207013161645414,47.478
0.17873827354671767,23.813729160528577,0.648981936747864,2.356297612186973,45.446
0.17320485834966426,4.818698124999772,0.830797900787556,0.4265624024318882,48.036
0.21467049280181874,26.53074877803109,0.5438813587929735,5.0,43.32
0.22658421749724691,21.153422154668448,0.5359003651239184,5.0,43.226
0.24169429557134248,28.57820460107743,0.4455563054702144,1.2459048590480055,39.965
0.1675470704262119,17.649670195436393,0.6360703369526814,4.568101748212124,46.303
0.16992331126662516,20.9663409917433,0.6710432963817161,3.2656354815429487,45.482
0.12553870593743666,18.787203505747936,0.8563577036371989,2.5179232292334266,50.546
0.21958499289694258,28.577395378738554,0.4531411186933686,5.0,40.571
0.20296541003516871,8.938266216973732,0.6499896074959536,5.0,46.975
0.12513099208973189,26.68805293487167,0.6018360388503643,4.252889223284079,46.028
0.1627936549245264,8.88568372977452,1.0,5.0,52.339
0.1358029128790205,19.105301378940787,0.7893802656797568,5.0,48.804
0.13791389990362748,14.441970456681297,0.7626571503680686,5.0,47.578
0.2043990619371464,16.134058100890922,0.6016162213188587,5.0,45.376
0.13571199400537742,23.597993342596304,0.7837463926495946,4.10916997485863,47.7
0.15229221951790622,0.0,0.6969522667267509,1.4653242341786017,47.974
0.13275402583990106,25.901366095993474,0.8135398908206173,5.0,48.257
0.1,6.349024683320648,0.6647646751609521,4.377456051600542,49.529
0.2403559924059096,29.95016201711749,0.5614368499541701,5.0,42.552
0.23267620135321448,43.156197582470924,0.44093734215140756,5.0,38.596
0.1993793797904454,12.753803644958543,0.7925224890823931,1.4928597426873496,48.117
0.234216243774737,29.707837309814348,0.5772226108884345,5.0,42.959
0.16599455129152307,13.008954834704276,0.8028237121299675,5.0,48.596
0.1838762186040257,13.246806901454129,0.7667755805635172,5.0,47.333
0.11494949117425986,15.48804680641257,0.9041715918579935,5.0,51.792
0.17983728724149448,10.938356637172525,0.7609095404388557,5.0,47.798
0.19846330880661825,19.98778362390942,0.4433148008361823,5.0,42.899
0.12303647707678786,13.685635041114098,0.6961528783500324,5.0,47.433
0.16231392939983183,15.769909291771027,0.6584878325577322,5.0,46.415
0.13445493877909415,15.848685727211123,0.6713736004872621,5.0,46.839
0.17102971863450678,20.608824226127958,0.6313181302872919,3.9223209204099962,46.03
0.20614995599345237,20.46373745022507,0.7629736349467783,5.0,46.647
0.1521922684840285,24.40889474883643,0.8123868672815391,5.0,48.087
0.17980529204225607,26.794310813750876,0.6397720118207804,5.0,45.276
0.20310965674379847,19.067031375153118,0.6174786917964623,5.0,44.513
0.1148343221914155,15.894580456774221,0.5377486357917403,5.0,46.076
0.13533164150871893,23.353370612245563,0.8390428487069577,3.0864022430391227,48.511
0.2003486576817553,19.16186646337802,0.9622560478541842,5.0,50.359
0.2487167161527556,24.37220830201743,0.6008085871557619,2.1840189361427487,43.476
0.233303852663531,21.690725385242335,0.8011272051611521,2.992092402177172,46.627
0.19762148025865908,6.5712392446595,0.6918707530588775,2.9484728487880223,48.338
0.1427957319417449,16.23744062337878,0.6423689853712036,5.0,47.737
0.21733523087042592,21.716204568539183,0.5723248174739953,5.0,44.863
0.12260307544280072,23.129001237308053,0.8315686336068646,5.0,49.075
0.21377323034595314,24.204318090834768,0.8857466314191044,3.9098602280327572,48.292
0.127201397812935,29.315638972210756,0.6567317177175106,5.0,44.989
0.22941784252446065,33.581907390863165,0.3116140989909782,5.0,39.26
0.213547753608252,12.653050844320457,0.3292379026393021,5.0,42.469
0.14241786570320455,13.148384029673078,0.6913288156441039,5.0,47.777
0.21238704155261764,18.3157582756796,0.6328196468028146,4.616885543763816,45.495
0.11153204286881208,10.680205382563006,0.4505046740008843,2.648568054936593,45.459
0.12992053838607115,3.787519512536324,0.7468338489257884,0.0,41.226
0.13667018327456018,13.04038678881784,0.6598834874268196,2.5265102916333486,48.179
0.1,8.1459559997419,0.692227433421323,4.616573669837937,49.062
0.1,25.63291095657628,0.6169695105819919,4.156854737438496,46.495
0.256329451845291,28.09488984226872,0.5180417018552677,0.04861127394016895,34.073
0.21336480549001757,7.930477658818933,0.6394456324865634,5.0,46.703
0.11963853778840658,14.248942307663732,0.7075459341490089,5.0,48.803
0.12016546836551259,28.392736468440482,0.769421388299351,5.0,47.956
0.2716854339256088,37.24719818072874,0.43681394963409603,5.0,38.412
0.19315678868865152,15.393008956288323,0.7410111804711256,5.0,47.122
0.14514192493181366,35.905274057663874,0.7120057397777058,3.007841674023897,44.729
0.24100784794212232,15.880986330005413,0.5172427568979282,5.0,43.315
0.293138892941005,28.052746752512405,0.41771679727987054,5.0,40.644
0.23898360279906866,16.71654606949972,0.621674621455927,2.9981032144813606,44.037
0.21922298957433653,16.700790888953538,0.4350848811081649,5.0,42.934
0.20876197330842586,27.75221978978111,0.5019178711377352,4.013545135477708,42.437
0.14963553340068458,22.176479901855412,0.8468595894240231,3.0620813500241413,48.921
0.1313277570747743,19.341983284778898,0.6385373295673062,5.0,45.721
0.1559632846105944,26.27105993141422,0.48970210368973827,5.0,44.432
0.16036823132726938,23.25135845660309,0.6784134923121669,5.0,45.695
0.18260614980542766,16.984668240459857,0.8365476959369668,4.201496085444277,48.928
0.16595676383336216,25.628462546725487,0.5178158680665605,5.0,43.245
0.14869341056927837,21.31722214664631,0.6891376766834888,5.0,46.577
0.22678491460740885,37.193275242361935,0.4726995729668713,0.9734132928755378,39.236
0.24096550361370025,15.992291600383563,0.758821082185567,5.0,46.668
0.21345155124320025,7.948661003091068,0.8033682062394932,5.0,49.761
0.1743730540167165,18.75412345893918,0.6356940449422412,5.0,46.585
0.17364621741094072,22.005273381198876,0.6357675332877377,5.0,45.047
0.19773398824885693,11.488858136170169,0.7657818404671848,4.48458704211448,48.355
0.12600851124479928,17.686099678616273,0.7281633682639914,4.832263276450345,48.253
0.16731164183773584,13.051517789827823,0.8093643384154825,3.614249924335799,49.685
0.20141427401846132,13.386000120218945,0.815045220277692,5.0,48.683
0.19770334335053302,11.722947595298248,0.7384672245510157,5.0,48.255
0.209696905170222,8.832336194935513,0.5416391881045327,5.0,45.164
0.21481719510496858,33.98208969207908,0.4910722466014277,2.664961969444047,40.479
0.21353878275575514,29.73461374416387,0.41424012245696196,1.1611924931747626,39.565
0.17483068390277573,26.71484716406915,0.6431692507539151,1.1746056607664233,43.667
0.20408253179063512,22.095480981938053,1.0,4.335522872923694,51.255
0.1972321038501789,8.291552880111796,0.7280884646459086,5.0,47.224
0.139076608497599,0.0,0.8474431856154861,0.3508670094066902,48.903
0.17721086917588177,13.797432962962384,0.7587918923358106,5.0,47.896
0.1486332320945512,20.304404130647917,0.7134499112361927,2.9882955576470094,47.403
0.13359469970363747,11.883780529113036,0.8717230995882863,5.0,50.296
0.22800575044261778,9.128649127077523,0.7725381768963391,5.0,48.141
0.21293893263415872,16.28990708756647,0.7042986289271861,3.8103487551208453,46.349
0.22904306410682,32.458985223758845,0.5637110308995025,2.4559486846754424,42.109
0.1658193541272246,21.845389550735064,0.8102664033147715,5.0,47.253
0.1357269867091793,17.23954099509923,0.5339585622328729,5.0,45.746
0.10406143184235743,17.174094802705497,0.7937177322581209,3.8760923864529615,49.246
0.11310118109950519,25.65845331324639,1.0,3.915659307359037,51.584
0.17249685598556153,21.769340583071333,0.6352530374184275,2.6109620396089395,44.558
0.2126566372119008,14.501675954481644,0.7586986521810463,4.256015514583942,47.025
0.16290224844070061,20.451627768783133,0.6488847778246297,5.0,45.999
0.18139641951913624,9.862483148566078,0.8101777516525211,4.0121926324533925,49.701
0.15901357114730857,2.5155788198973568,0.6455149121231101,3.8920568569358998,48.284
0.18823150255626625,33.68085788900635,0.5038547395229395,0.9109514285494424,41.252
0.14018884820489452,17.123814672201206,0.8913581224019514,5.0,49.475
0.19819562745321015,33.299161845690435,0.4624303760714429,5.0,41.438
0.17104729447127623,17.790440240432215,0.7587118571517248,5.0,48.279
0.23614743434302926,4.81798728976322,0.7282795247972551,5.0,47.412
0.16254366138571155,17.01796678152113,0.7388565044346654,5.0,47.897
0.14073213777305132,0.0,0.6665417077814949,1.6465749076450862,48.871
0.24277954278771594,45.58359355471743,0.12005481802801629,5.0,35.63
0.14037217828646822,0.0,0.7936053681230903,5.0,51.335
0.20853472627986228,25.641842936117115,0.5955790274194063,1.2631301729730544,42.719
0.15827318816720856,17.18183596795827,0.5565540622120877,3.4511092639940735,45.961
0.14760641273600214,14.822724666045112,0.9236666826497067,3.539403121084733,50.575
0.1715214541494222,4.606105859490967,0.7208654513397827,5.0,47.97
0.21437464355620256,8.288758929074929,0.6079071795770234,5.0,45.723
0.15706485500829345,13.456433956102572,0.9065896284030678,5.0,50.498
0.14771949104931117,9.561415739983753,0.9418214866839163,0.0,42.978
0.1791483038830964,18.025828544646217,0.9293647759462556,5.0,50.533
0.27646286393392583,32.15473678115781,0.3764933713790323,5.0,38.911
0.14531612865440358,23.813564096684875,0.600123194437115,2.9600543207799412,45.428
0.16419277952654474,16.00709266030393,0.7111953194640293,5.0,47.618
0.15596280064185306,21.252070988100115,0.6280517052927322,5.0,46.522
0.1983254288416069,19.519874991790065,0.8346674532174133,2.7089908406381364,47.814
0.1760410186286452,14.5386505565015,0.7146786688405196,3.7973752318416523,47.736
0.18835853803723027,16.135410392936027,0.6150932407620379,3.506335004952908,46.591
0.18274699986799908,21.301743778685033,0.7372799377006234,5.0,46.501
0.14656254381329342,25.651398734858567,0.7844505551331928,5.0,47.795
0.23756261828085468,40.59166331712981,0.24053814529739997,5.0,38.352
0.16722450545459672,11.27614303243422,0.6633900436908028,5.0,48.429
0.25808984120507406,21.089151659131296,0.3247947387238119,5.0,40.607
0.15085667390119106,9.531015806641781,0.7642002115564774,2.2020071698797508,49.049
0.10080956824103839,15.311920527004354,0.6619628192324987,5.0,47.621
0.23382867157525655,27.481038862365338,0.47017995279516417,5.0,42.024
0.14705219908001524,13.546378722855534,0.8569000151305418,0.48838217981685667,47.998
0.24275441880582993,24.250985782108444,0.7022096633309581,5.0,44.96
0.2210464499664863,31.949891739196485,0.3115553037633372,5.0,39.775
0.2241582085519131,14.526718792222034,0.6701291097855294,5.0,46.0
0.16030412410255973,15.531324117206943,0.5128002082091423,5.0,45.5
0.18117579008134965,26.023622326702114,0.666205708522439,5.0,44.842
0.14478795310415604,23.23365526740131,0.7927077250556249,5.0,47.346
0.23093969127681246,32.30217400695094,0.8288854923039531,5.0,45.374
0.18385726237977418,9.009475430906758,0.9236234023985527,5.0,51.297
0.1606853618435751,14.29755203428618,0.6529948843610257,5.0,47.255
0.18107318200694336,16.598453075995973,0.5417346311131551,5.0,45.495
0.17262735379613625,15.986883949824927,0.5987859001772441,5.0,45.683
0.18008873383305452,14.062470861701236,0.5238239703035532,5.0,45.04
0.21900556720622766,25.798286220144686,0.8637921030321613,2.5879435251702776,46.27
0.2488549011325394,20.704199852519025,0.6652749893230592,4.333312171659828,44.769
0.10296470801732854,1.9963370559500984,0.812509455792344,5.0,51.051
0.23826187341268518,8.199253899474366,0.8600041872410202,5.0,49.206
0.15778131124237937,11.43906525596301,0.7826777997671802,5.0,49.394
0.13006390828037237,25.512749916589442,0.6186828832237721,5.0,45.922
0.18157053143570206,31.98780484179952,0.5868443625618893,5.0,43.298
0.16534409505734637,18.834917592244544,0.7465810124465817,2.905404884817136,47.394
0.15552336064139188,30.711036348828646,0.44084665177717697,5.0,42.474
0.14723743794050492,16.52762949340012,0.6136930027868406,5.0,46.502
0.1876253373454687,17.772519677724045,0.6243207344755417,5.0,45.1
0.13178296749504742,14.400340548597539,0.8531012298593619,5.0,50.659
0.1642424267191428,5.991165095680152,0.8008425757695031,5.0,49.763
0.14079844009378373,9.358555576223399,0.7497448832434334,1.8851419189204202,49.384
0.18107536801432184,24.544037865151328,0.5669939949426553,4.571591344513333,44.323
0.1328505695195738,7.818987680796039,0.7752002471664243,4.448532372277556,49.119
0.13668978397709294,12.346246789949822,0.9378182515687878,5.0,51.256
0.20860719281703488,19.157315661248578,0.6287444769165317,2.3924214789768015,44.08
0.1345775480230414,8.03060943329783,0.8480560097145433,5.0,50.3
0.19178082461100246,22.574912899524186,0.5387813916935881,3.680995656685019,44.973
0.17538491976477869,10.8038224095268,0.5807014385472817,4.256130708339255,46.373
0.18314674991327778,22.992286978821674,0.5199319492043897,5.0,43.715
0.19391085946624478,18.363304069468626,0.5766168150974814,0.5779985177706144,43.138
0.20574436142368965,22.318680382076515,0.7503243579590876,5.0,45.372
0.19958610486069642,17.742118686045735,0.6104190978968063,5.0,44.746
0.12930100752180285,12.755352219139112,0.9390777745476756,5.0,51.267
0.15479890790929102,17.856508671979405,0.7933180413192303,5.0,49.086
0.10004047781377234,8.199346346408827,0.7622607137150229,4.16758777464228,50.309
0.1907124220743418,23.580419942183248,0.38722752951854117,5.0,42.972
0.1502830971960914,18.059427595267557,0.6557468052979415,4.0804488159295165,46.106
0.10963289404847341,9.739787291799498,0.8611054541404122,5.0,51.713
0.28201815985169165,32.21223776996586,0.3504661108109403,5.0,39.288
0.17239711699823349,18.695821662055728,0.7342094721184528,4.781656098653807,48.307
0.1,19.681902189127378,0.7966972558795276,2.681971787585965,48.092
0.25932999794605643,23.942331460173143,0.4639408551099774,5.0,42.074
0.184454572982777,16.985676779307237,0.5494492505483851,0.9933044105607889,43.705
0.1633080739838346,10.276188959973883,0.6100672796067017,5.0,46.478
0.1888627698859813,11.847260082199272,0.5226723526705426,5.0,45.44
0.19443604634660464,17.085402910503554,0.7819703754636456,5.0,47.962
0.1906413241179899,25.610651272276492,0.6455897306437719,3.392185726371558,44.877
0.1097908105925228,17.099401362886876,0.8752721953624746,5.0,49.298
0.17830428597451628,19.805787033552807,0.8502306236339999,4.642816923476703,48.324
0.20464927251180953,0.7229943872343192,1.0,5.0,52.414
0.14034737320286675,11.59940995077801,0.5532826495638097,5.0,46.81
0.2402878095889438,29.065070955920174,0.6525145269154912,0.7113221303893937,42.265
0.21407356357859808,21.224700572125634,0.6264068160868045,5.0,44.469
0.11696358220157174,24.77317925567202,0.5694431570132032,5.0,45.114
0.16032172791665023,23.83595239580376,0.6988008904152799,5.0,46.125
0.10443446108041723,23.52856648452984,0.8392367082355445,5.0,49.386
0.11179000220117437,6.91094503571361,0.7803374930698014,5.0,50.124
0.31799003769445294,32.333867339767174,0.3715290970447244,5.0,38.652
0.14475608868216025,22.310704443813368,0.6043774022210937,4.2755812554532735,45.578
0.1303598393057846,12.1562618491524,0.7962664708809547,5.0,50.097
0.18529187873495576,21.419898969045956,0.7899240295888766,1.9786698244521836,47.848
0.13116770327517435,20.426660684159323,0.6671698039241015,4.135468609787648,46.863
0.1786619851072725,16.769243599739134,0.7621184605639807,5.0,48.069
0.20837410948767948,10.767280933291604,0.8147191002360683,3.700814729701756,48.203
0.18901394443918182,21.033939828489537,0.5031776485937053,5.0,44.57
0.15686405906507508,13.602965847743684,0.7298470391223784,5.0,48.547
0.10360012556295906,9.574927250732207,0.7990606024874599,4.183175478344528,50.097
0.12934088781331432,13.993268860050122,0.8624621837359719,5.0,50.414
0.12623693417100582,14.264547794139514,0.7063448889711774,5.0,48.496
0.2641345716464013,31.04376169241266,0.30367688175424407,5.0,39.124
0.1797560378024044,12.745363150296846,0.7760023636581377,5.0,48.586
0.17194340194697644,21.029664593114408,0.5857219231081571,5.0,45.226
0.23747033465136583,41.02377929822851,0.44447115813428717,5.0,40.037
0.13991625624336254,5.381066057501837,0.7587227443566551,2.4708958248396957,49.036
0.20412988562330447,9.487836146921666,0.8040976112264273,5.0,48.698
0.18824236332534855,16.301310768646832,0.5936422049611427,5.0,45.281
0.15298138534086878,9.673466632637517,0.7284650679526661,5.0,48.263
0.16946347862900749,15.869505597778186,0.7183413900617436,5.0,47.181
0.13287185789086536,16.728035054371286,0.9162390790535454,5.0,49.746
0.12837084259881426,17.348279063105643,0.7867927765268149,3.2326154442721418,49.549
0.22105409165256912,12.197987777088183,0.6760119867161474,5.0,46.447
0.1580290754564408,10.457581856207456,0.7176361983789885,4.412521490145446,49.005
0.17630304308650116,27.78687097810028,0.47046804239353807,5.0,41.698
0.14677617440601237,15.284610289949695,0.8852644811161587,5.0,50.389
0.1,17.161738413403878,0.8820310489179757,1.5134815902118663,49.818
0.2013414874413129,24.427686182077803,0.5888106325079734,1.815712665662825,43.553
0.16785927784311455,16.972815865425094,0.6889290731661359,2.3131376610515098,46.848
0.23512397213613895,32.479653630392924,0.45786533836752985,5.0,40.53
0.1469849249504051,5.479492899239922,0.8029995421864065,5.0,51.137
0.16581440462833186,12.077067828527234,0.898910900953551,5.0,50.485
0.20478486101475385,20.70049635046381,0.6760434247438228,4.293961239979497,45.988
0.19345338343066293,14.41652177154825,0.654578085940262,5.0,45.609
0.18737624016947196,30.97497438542898,0.6296515674666094,5.0,43.387
0.1931983853375995,20.401950688079502,0.7607528927160924,5.0,46.027
0.10790886619112505,18.77724147568829,0.8555891939436844,4.2458537189789745,50.762
0.13558670257464883,8.915668913646126,0.8107714662034361,5.0,49.779
0.15112715842864255,18.057532275643133,0.7531279208551136,5.0,48.631
0.13082825965327147,11.889783704587582,0.6968798584269384,5.0,48.018
0.15439004324610506,16.37249213847013,0.5755212297993006,3.0452857734388843,46.741
0.1843424118607137,21.59473853808724,0.7220698868105885,2.4020449449368257,45.065
0.18252940699289533,12.364264280456425,0.914326548292917,5.0,52.036
0.14002273481326885,20.43060458709033,0.6626554848134001,5.0,47.126
0.12871568202999958,15.552450993856384,0.844895283403293,3.271170733109406,49.467
0.18036463331659053,22.526748256641696,0.9001084511048016,5.0,48.749
0.1710080182784242,28.31901336347979,0.5815131508540555,5.0,42.767
0.23155732562124864,18.56180069356191,0.6234967642745682,5.0,45.764
0.22565550994314929,30.053265460387713,0.5115750038056393,1.1111899998649655,40.916
0.20004840356602538,23.55366986040849,0.35098100647443475,5.0,40.707
0.21540367385670542,18.997263819395812,0.33054438925468016,5.0,42.086
0.12191529478760227,11.85380772567795,0.4583687022348818,5.0,44.916
0.1731499936200038,30.409677368781097,0.7388349584131806,5.0,45.43
0.2114184119269973,25.77833209286465,0.4289867866942858,0.8854911927152752,40.232
0.11513121143624797,10.56530840890873,0.8354561431401837,3.7895696114924333,49.897
0.18258436652173082,17.344446512962463,0.501245890830322,5.0,43.592
0.15175608206323402,21.773096830550056,0.7734025066837938,5.0,48.147
0.14755067228284802,8.98546936961246,0.9115184426446798,3.85770152118185,52.045
0.17636499759142357,24.451043840499448,0.7556291419697004,5.0,46.745
0.182938171960788,16.543305360569995,0.6658807685878696,3.1709264494015894,46.885
0.16828593545139095,15.22437413223722,0.8563759228221473,5.0,50.4
0.11623152334153086,18.268384145054924,0.7613659336400308,4.380265233633404,48.575
0.1840129565316383,18.681268357995897,0.7018159790862943,2.911820455607366,47.068
0.11018634984736361,6.510421640983589,0.8412459718275277,4.317470645772309,50.253
0.1508909915668703,28.296599710622637,0.4341155777034631,5.0,42.779
0.20019558072350047,10.103387255717792,0.4266041385984308,5.0,43.922
0.14218064430428826,7.323629985306933,0.8566855064656695,4.537604660696711,50.01
0.17611867205816617,25.80600432565027,0.5759665760679187,5.0,43.864
0.22705034907427055,19.470929260221546,0.6779585009277102,5.0,45.562
0.22065320719216652,26.370901901936378,0.391713944907832,5.0,41.096
0.16265561705823045,18.115058928123233,0.49573682985421413,5.0,45.299
0.17343000254664298,21.816318194530325,0.5440706790596137,5.0,44.056
0.20022203525685567,23.084317304941862,0.608329995633369,5.0,44.827
0.17230713520972882,17.504003711641378,0.528037414168875,5.0,44.162
0.15472049942731436,25.950420475793013,0.5181664423236658,3.1829270417581643,43.79
0.21348218791008639,27.504659417405065,0.6718038840051261,5.0,45.402
0.21154052993753683,20.919595230327694,0.5733650869805065,5.0,43.935
0.17335617304709078,12.289722046243918,0.899339539303575,0.2911506371431817,46.85
0.274605796556502,19.664807545393792,0.7365549265785816,1.7936109464109757,45.197
0.12644990514018695,25.282880080221382,0.703879967653171,5.0,46.931
0.16692073527396198,0.939142633283911,0.8036370206731495,1.279853153812336,49.716
0.22927936190107281,43.248829378076884,0.6592941188855483,5.0,41.483
0.1729884243676298,14.399281102598321,0.7121035525489506,5.0,47.719
0.25485338265200214,25.008604543803447,0.6411497587849108,3.5216583946389974,43.705
0.21108136616679282,32.5389205194895,0.3428549063800562,5.0,40.12
0.18466916393821559,20.506381615613982,0.6029540045848991,5.0,45.206
0.11762451353231705,12.904046751499113,0.8463116124922618,5.0,51.041
0.11528585353847627,8.166780337378816,0.799562888499304,5.0,50.379
0.13199422127231464,18.12863116715824,0.8664373559039036,3.807237147764779,49.989
0.18211056286141303,11.41689370270174,0.6243667948685603,5.0,45.628
0.1865634548861384,11.225569206868814,0.7279939689606336,5.0,48.055
0.16981779888517373,12.545556488223752,0.7357654057500014,5.0,47.99
0.19305064608365607,14.367000848126338,0.7255741141742302,3.0489153644190927,47.979
0.1586824286244849,21.83706413641944,0.6102368952110692,0.7326511223886578,44.18
0.11868216976376988,16.08461850180166,1.0,0.0,42.662
0.1888125698070045,31.127333306337963,0.39115713496080096,5.0,41.528
0.13824959452702745,0.36681624564469395,0.8644756521334547,5.0,52.179
0.15404171905137956,13.248474275175003,0.8149751544013726,5.0,49.991
0.1646394583334092,21.384203839686872,0.7847483851075412,5.0,47.935
0.1256360744128104,18.72761252171624,0.8467894764378899,5.0,48.933
0.2889081849293268,46.299919859446014,0.3560069821024939,5.0,37.524
0.18957130592494695,12.826853752524936,0.7619104399258565,0.1266328853006906,42.133
0.1,7.862457135261648,0.8123032877940751,5.0,52.377
0.1913723005367673,19.460184784110165,0.6990381099060022,3.8877072838567797,46.099
0.2230174242211772,23.89980663859528,0.733912227051143,5.0,45.157
0.18116532725410817,35.61814602922671,0.42300374461670454,5.0,41.67
0.11725665756821876,9.101740178759528,0.9055621643160189,4.291793489677646,51.302
0.28278510549998936,46.07144229787568,0.4379746747725345,5.0,38.68
0.2262987500593883,17.645328590145606,0.6165603516313026,3.3694956302121737,44.893
0.1461058612514958,19.8267848953749,0.6754361233995648,5.0,47.316
0.21725094793015415,25.052720055517806,0.7359301438555736,3.1614860202283364,44.791
0.20495488120765848,20.065944487156372,0.548319138863733,1.4169351595288353,42.876
0.17364340681757787,0.0,0.9487733313124901,5.0,52.8
0.21643855300346357,32.235486067737156,0.6133703492930106,3.129151355481146,43.023
0.17696864111486715,24.515252154231174,0.5880815639090029,2.680586209858586,44.269
0.18284137771038078,22.172078525388592,0.5198455039020772,5.0,43.244
0.2427868121042822,33.05294526188262,0.7664513275949628,3.6268603158531625,44.236
0.16850170924101612,6.123875788272287,0.921242347021352,3.553143641282991,51.099
0.10702230611040167,29.947980664145735,0.720411539315503,5.0,46.781
0.20445525174502277,24.86201036464868,0.5289339906117421,5.0,43.317
0.1691428998657763,15.933913148361494,0.5778761143451959,5.0,46.366
0.19719848186468336,28.680839287599,0.6008246877921085,1.5362482017374406,43.207
0.13395738499839172,0.9944462461369206,0.7825438260479375,5.0,50.676
0.16928634090578126,15.128857729836334,0.8746883707376131,2.6381038804218293,49.944
0.175919451054364,22.45489127453454,0.8497587302848126,5.0,47.644
0.1621076111700696,28.94167957089337,0.8855753432052698,3.1946617995304716,47.509
0.18677648746362444,24.25720218552833,0.4949468073406239,5.0,43.653
0.16177454050300055,17.366537909258547,0.7911511558969663,2.280902912463282,47.505
0.1513871668080764,12.140572498446577,0.5251282758196257,5.0,45.747
0.15030529312337038,28.37240105993685,0.7452784191760611,3.401517740668976,46.612
0.1524825642064555,27.336785396164068,0.537830295428153,3.680990917383123,44.249
0.2578265443786413,33.57579595839158,0.4256172162637165,5.0,40.252
0.14584186442982466,22.09746173844397,0.880619616241029,2.1475094010188425,47.918
0.17434585410271142,12.901123421038761,0.8917056384823812,5.0,49.899
0.25257701565156476,34.9064133130221,0.5792861541307273,5.0,41.73
0.19060741180453247,16.888762227207778,0.7246278085507123,5.0,47.461
0.15998159104934484,12.3350401007866,0.7467326815136395,4.461667220607119,48.623
0.1935621572970013,10.966776622360904,0.6094350937256485,5.0,46.384
0.2684915854142127,25.2820135659407,0.5335148136300043,5.0,42.187
0.23232062519035224,21.588958320520792,0.7123718903817229,2.9303554918398076,44.979
0.1737198073809077,18.323392558566358,0.4465080166350164,5.0,43.886
0.1087411223251892,6.4466363981224415,0.7849711377960974,2.503952274739102,50.707
0.23365713620800743,12.651930248926835,0.7303745664702883,5.0,46.87
0.1394125019468024,8.794234501208633,1.0,5.0,53.474
0.2621856887501531,22.814030109128915,0.33030513377753,5.0,40.338
0.1651915551535583,8.252835211527213,0.8308294950801113,0.623815870771233,48.241
0.13240748316325104,17.612062036412397,0.8597531518773629,5.0,49.368
0.12437142189862319,18.212200858206923,0.6601554152130527,5.0,47.461
0.18953315474932222,17.037824522327295,0.6700370633750881,5.0,47.173
0.18006606473422812,25.270908668350163,0.6669825007862684,5.0,45.895
0.1970027226859894,19.559163355317054,0.7790825830340224,5.0,47.37
0.17884320491921332,23.910088954742104,0.7195716427138708,2.968529432888264,46.032
0.18796723283092898,24.33013523027104,0.6096702856414954,3.3678973117595903,44.152
0.16522582922563597,27.94436066027054,0.5214930252889471,2.5609073771529594,42.813
0.1,12.750386857171376,0.7883000955537353,1.8165619072128878,49.991
0.12972689632011344,8.220532320691472,0.8515030019981823,5.0,50.807
0.21282856743838413,13.528977485848959,0.41498205117550363,5.0,43.251
0.10069477004116689,25.805500207646162,0.5744495166559068,5.0,45.208
0.23564721967540508,38.29616955410146,0.3879772506598186,5.0,39.179
0.2193419820501213,33.93498114748351,0.4909667457656853,5.0,41.372
0.15523458336708298,6.4637644754738615,0.8363763691531977,3.21589121025617,51.061
0.1936181976365766,19.58202034151826,0.6451796365327248,5.0,45.363
0.15855743604035857,14.356762298437408,0.8253372248940076,5.0,50.237
0.1454574862874994,37.37655023279943,0.7797698598636675,5.0,45.775
0.16064732338781557,14.779890525424696,0.5302705949327642,3.865765928899296,46.487
0.2032752179417673,29.223558299624127,0.7359117637618158,2.782445626730089,45.192
0.21487354576796933,12.501556771346472,0.6675239351984243,5.0,46.916
0.1686787912726108,0.0,0.8993022981272945,3.978385350608373,51.637
0.16416011987483298,18.12277423748481,0.7453547738535862,2.502469736326468,48.173
0.23656831281193721,29.912760509484258,0.7349638635779422,1.9186987255891084,44.051
0.16044920130327614,15.243955890716009,0.6316855830807675,2.3246456006368192,45.816
0.1897542847999571,23.806407038896147,0.5645981037249659,1.7085781377935767,43.596
0.20964057509661813,21.540315666647246,0.6642598515824389,5.0,45.726
0.1,19.806693067630633,0.843870302927761,5.0,50.085
0.1538494382577187,19.694829646380796,0.615504299245365,5.0,45.214
0.14975342973663225,13.245574857950457,0.8576331996191826,5.0,49.277
0.1612807095721952,24.35744402351349,0.6620438452877385,5.0,45.8
0.2935046810005397,29.922197150783518,0.21268493780161868,5.0,37.63
0.1,5.687898067803685,0.9308576253287695,5.0,52.758
0.21429624628177688,33.5146151796573,0.6099216201092873,5.0,43.364
0.19070808777546805,18.596308547568807,0.7808165924033232,5.0,47.072
0.2559640634110805,25.069543835549222,0.6822489294132523,1.196447908802102,43.527
0.15632430076364176,18.48912034947925,0.660330057532516,5.0,46.212
0.2500962561352593,36.67719157315901,0.37499378323434923,5.0,38.813
0.13737701645882294,21.45000764533477,0.8311725257037234,0.31042053717270857,45.894
0.21926598791908652,17.902809037997347,0.7350633282153767,5.0,46.725
0.12087612872776046,23.818085750049256,0.7832905073049288,0.40559054999663935,45.721
0.179846047180793,11.009172531559296,0.9893439257348589,5.0,52.021
0.14875164885658237,15.381144891095852,0.9009573791944182,0.7710940046932881,48.742
0.12314758610387505,24.561888782865232,0.9708170540550587,0.49048314551552374,47.712
0.17877824628313763,3.7323058565295035,0.7592103638771546,5.0,50.243
0.18745168299617915,9.116133410757639,0.5994581779146858,5.0,46.512
0.1470781781859177,20.11352230234474,0.7251761746334316,5.0,47.238
0.1616224623959437,10.867505433887441,0.7251467708865575,1.8618997900098169,47.225
0.1915288136451847,26.074097350890504,0.6273415252278726,5.0,44.284
0.19554745397714346,19.750145508167563,0.6654924054313802,2.668659166703789,45.803
0.1299498487317204,12.10728002943374,0.8083130065259377,3.094659708268444,49.425
0.19925209683870837,17.119088273451613,0.7281445538979929,5.0,47.543
0.2638691839439106,20.994993144863166,0.452935093147598,5.0,41.751
0.14561183798836314,20.67436900106636,0.9028913859592234,5.0,49.578
0.25651532266503224,30.823180408433124,0.4595405190414162,5.0,41.049
0.17110623668036123,0.0,0.7653545597426835,3.3859645492124395,51.382
0.2498161017492634,39.46456439455206,0.28543387651392055,5.0,37.559
0.14476344748379974,21.953768014466934,0.7340137761752425,4.636373260819088,47.98
0.21086891152367213,32.81121555574475,0.8024177748681206,5.0,44.45
0.11731867503180288,17.775987964330568,0.8175213426331792,5.0,48.9
0.23055935287982982,24.076580495212372,0.6550605964449736,5.0,44.88
0.12525485462452815,13.511710205168495,0.8652401662741485,5.0,50.73
0.22690579904361924,18.624512422882127,0.5396613308138303,1.6948088055945572,43.516
0.21237179585942112,22.53537341328535,0.5870265654899739,1.9095382921681894,43.721
0.1387632226817633,22.08248658077544,0.7375249970656377,5.0,47.237
0.1,5.419446162479844,0.8543162843690345,3.9924734933161314,51.78
0.12859217138820783,19.891863956533662,0.8446520991642814,4.164990036986629,49.825
0.20810975541329801,23.189798084816417,0.7647737793277991,5.0,46.994
0.18430062106521242,22.96141065110554,0.5861650957163439,5.0,44.141
0.13369894317256723,11.48890129208371,0.5500425785008309,1.7529581810261128,46.196
0.11087241767266204,14.101686906837816,0.5719020549054056,5.0,46.706
0.13366657034800108,23.063325555771492,0.9454750705356466,0.7007281374301093,48.275
0.17926239727011034,22.7562159356998,0.5798997711118313,5.0,44.865
0.1603982624866822,10.319176721348043,1.0,3.5602424571045037,52.678
0.12937256391535468,20.444642043012944,0.6960818550380564,5.0,47.733
0.2785164417037117,37.324325841383605,0.19926169895800763,5.0,36.705
0.22103682538931682,21.335351432447098,0.781982405076002,5.0,46.153
0.15829327117780156,24.99638368795418,0.6464128868632601,5.0,45.901
0.169689637395661,22.638227780596065,0.6802849418727281,3.610042673560253,45.833
0.1923693543807453,13.692255286934651,0.6992223339025423,2.2234429228165067,47.268
0.13754909047669223,8.884868257432602,0.9615306045451674,4.578135414169048,52.468
0.16032783225475147,27.44682729258388,0.4399953435755277,1.0665580217644053,41.671
0.19244830363912532,24.78420945353688,0.5287728617251177,5.0,43.19
0.1,16.36132938674775,0.7869103766086538,4.4320555458158,49.24
0.23120584828329377,41.316251121413444,0.30516131074535097,5.0,37.697
0.2356333291848905,29.316855057774585,0.4579639275494254,5.0,41.334
0.1690618021942311,16.108224781252318,0.8709254095344281,5.0,48.537
0.21350135369117312,22.392220155874973,0.5176104855082015,5.0,43.213
0.18633581317607334,8.402400187637038,0.855158039537266,2.169597198529047,49.605
0.10903441006399221,11.054108547597805,0.6820395040518407,0.0,39.292
0.17475089240622116,6.013891025552164,0.8267911500687822,5.0,50.253
0.2718944339688509,31.937135722823825,0.676154277105737,3.097980352223404,42.762
0.11004056506103714,3.7146559516356668,0.8766065161591705,5.0,52.281
0.16459707124331402,6.275097445129411,0.9049748200618032,5.0,51.501
0.172990859105869,12.78595219445154,0.9083819534416795,5.0,49.706
0.20058430833740615,29.214065392444986,0.46624605830113497,5.0,41.878
0.18428199011469315,17.06756463755492,0.5740704872220037,5.0,44.887
0.21078462134053125,24.7921158122564,0.47000224468328694,5.0,42.839
0.13293388219021504,17.13312840001867,0.7047194851324425,5.0,47.88
0.1756030016146732,15.032873169025553,0.6661571114580433,5.0,46.706
0.1893878869843002,17.82174771791893,0.8336121387986093,5.0,48.614
0.19543133978880217,25.82033521150693,0.514891930895129,5.0,42.249
0.1676920882313547,21.179922953383553,0.5802713863812121,5.0,45.406
0.1415796586638458,9.230246179980337,0.7761485790103888,1.1711496513368242,49.417
0.17140565745411562,14.794627098250057,0.6240737528056731,5.0,47.046
0.2287492553878117,28.223818853716395,0.5530339699956287,5.0,43.485
0.24026442331030567,21.926463915542392,0.537089967313092,5.0,43.948
0.12712971605569126,13.269110723022543,0.8710961883720383,0.8110283118310302,48.417
0.17465626129875816,10.50747069923487,0.8942291859015186,5.0,49.542
0.1679527037614942,14.722331974472961,0.6156588767606361,4.562977936834369,46.035
0.1404148749949135,17.50550326372803,0.6952589448155228,5.0,47.447
0.18778377494289444,26.1588865336074,0.6331563725902823,5.0,45.687
0.23655410502240493,34.19553473650177,0.452171848013947,5.0,41.594
0.10441697211446148,9.433540217324664,0.807549916800783,5.0,50.956
0.1,0.12961833492445862,0.8582415531418864,4.3906960789568465,51.542
0.2513447780705876,43.76349558245994,0.32765228467217916,5.0,37.462
0.12570511361039272,16.140852643163917,0.900776469601464,5.0,50.552
0.25723463277314573,29.370123272996075,0.5911753693771463,5.0,42.347
0.229163441039594,20.347004253557074,0.5237970285958499,5.0,42.988
0.2105636552253418,24.401787828631218,0.47913611346806473,5.0,43.298
0.1820750477156554,24.060572911961785,0.7832301003706017,2.399949226733288,46.246
0.16856974571025896,20.166298536214516,0.5723571300961022,5.0,43.9
0.15297044154202633,13.468612155715466,0.7760077459112142,5.0,49.058
0.1689794438987925,23.277566802020836,0.7142300240574881,5.0,46.687
0.1,21.370220692487745,0.7651170874033586,4.253649385159798,48.956
0.10326113132167108,9.806277268279624,0.8526064000802831,5.0,50.965
0.10483237864952916,17.21294608262854,0.6912929175604758,3.7310436831614155,47.876
0.1176356588758366,17.356046854088255,0.6621920320388908,5.0,47.535
0.1267563218288642,11.003569864855432,0.8620095233266966,3.1741215666031533,50.266
0.16305562138703633,9.03651980819065,1.0,5.0,52.917
0.22353082592486134,36.92510566257599,0.23979932070001642,5.0,38.964
0.24973194670757964,20.22844479509426,0.55617199371058,5.0,44.08
0.14730565936994616,18.509263220936315,0.9440637324830812,5.0,50.949
0.1529923115814616,15.791383401090293,0.8219199220657085,3.5233948485673707,49.727
0.15108203685620253,6.871928707919091,0.6335337299802398,0.44767069505448054,46.261
0.15579712380561223,22.307039372257996,0.8027249807642216,5.0,47.217
0.17019070893740296,7.170806564377365,0.9041139627019762,3.801875616319675,51.22
0.1669760480389383,21.986879192315637,0.7233987775980387,2.8147519494722673,46.331
0.14478135071617204,26.281934462427692,0.7426577122860823,1.7936828388593855,46.709
0.2407751616005278,20.171225297294846,0.6140863737022301,1.776492226810961,43.627
0.1557040042071019,15.661520634398507,0.9161409829121475,5.0,51.249
0.1473625082477956,31.78392067836601,0.6923262491500934,5.0,45.828
0.14866058079590103,8.29409423716655,0.7194904003004157,5.0,48.681
0.14684192289076542,7.864912281380332,0.9183979891071222,5.0,51.372
0.23353709672180134,20.797489164485512,0.5454705789138523,5.0,42.872
0.19216142244004644,35.299669503366644,0.43114371190139755,5.0,41.228
0.15670733328446435,8.989084852847554,0.7424039844456144,3.287865113326866,48.946
0.15269005567084387,13.91662425825081,0.7050722961557523,5.0,48.169
0.1733902936468698,34.648848569201874,0.29831864682986764,5.0,39.365
0.1448686202531441,16.914046570531465,0.6342210504475042,3.8022929663889347,46.405
0.12796751090331482,25.30135570365311,0.6646178181851241,5.0,46.393
0.18378691125912255,25.044473019876374,0.6352721884962353,5.0,44.763
0.14757691348174026,8.021195001496185,0.8287232906117227,3.5044985591333204,50.807
0.2059698555648714,23.55056948636812,0.5700472162820521,5.0,44.394
0.15998615858924062,25.686091846115907,0.6980532565763552,5.0,47.013
0.2915762343424096,25.649987126783174,0.3895130212364443,5.0,40.289
0.19857231729102343,31.21250554201831,0.6796198982017412,5.0,43.534
0.2210845237289576,34.11902732210953,0.2952136586034868,5.0,39.43
0.14183885979754413,8.861890469394966,0.37905647555527533,5.0,44.805
0.17333910000602634,19.70655671889643,0.701060289415637,5.0,46.459
0.2479267059293446,30.156213542810704,0.4553819599317562,1.5161872077775502,39.103
0.1308706089031845,23.087680481503586,0.7441107369341522,3.0710100443678487,46.766
0.24065563998034606,13.309210840060128,0.707525323183471,2.700216431395963,46.86
0.1,18.08093271941143,0.7940265084008638,3.499021072400938,49.339
0.1437155558406182,9.54872301936532,0.9002383917215057,2.283860109213036,50.189
0.16733555094259428,17.958992430026207,0.7708136918728336,5.0,48.723
0.12889102024403826,9.905995543460088,0.7456815839779094,4.262098489073923,48.983
0.1473304316978985,22.745929452119363,0.8053868911281681,5.0,48.771
0.21413975667001955,23.67332142894871,0.653802183187167,4.142213338596848,45.502
0.20728270010126687,31.568012055478825,0.4090614312205589,5.0,40.2
0.11869222690120604,5.643209452851338,0.6097975659941887,0.3030753623529187,44.977
0.17980330662823835,4.5484943152117365,0.855900305683202,4.0528748785639825,50.54
0.24906091496478405,34.12474653510125,0.42419531457730264,5.0,39.44
0.14875172924525115,11.409952970748899,0.5799183094369808,5.0,46.757
0.23604505225079342,15.355863367822625,0.45655870303072305,5.0,43.447
0.13260456098467044,17.53491377856523,0.9743628333930501,2.737401154385749,51.372
0.13976058485621667,12.00146744599833,1.0,4.63654719674755,53.07
0.15614960964052577,8.523277665715264,0.9662654485348228,3.758988521638082,51.276
0.12135897759055014,9.096728538404816,0.8653911762441283,0.45749875653927036,48.611
0.18307688577125436,21.998490645076465,0.7389768514911231,5.0,46.108
0.1877686568013268,11.300252081484986,0.7053671073171118,5.0,46.846
0.13242899102386554,25.53908648472806,0.8445425571371169,4.027637369542748,48.677
0.1321143701904936,5.8233677062593046,0.8784152895871136,3.2041981518803415,51.952
0.1454583133171729,15.805986058857453,0.5336125770291356,5.0,45.187
0.14432241248609043,18.253966016322906,0.7649065555755631,1.8052013116036523,47.749
0.11659139059826107,15.872277414015034,0.7175032996246224,2.9405371915047978,48.006
0.1341257363741964,13.312838350031702,0.6396141690782978,5.0,48.288
0.20907223534616615,27.5701395190489,0.48894647537589386,5.0,42.506
0.16505755432872016,8.941741204119147,0.6829232052926557,0.8389297103944958,46.303
0.2244535363697271,21.753326826763917,0.43617497746511946,5.0,41.977
0.16559942137153275,10.148311972073014,0.6302410067544993,3.787780282756658,46.876
0.1911875989707189,28.1290090208881,0.7624054283915935,5.0,46.366
0.2018363174534278,12.941940113084808,0.7244349070798208,2.6672171346819002,46.712
0.16580902588917915,18.693495145448917,0.596403466019708,3.599838024108659,44.966
0.1,9.467985704735348,0.6211450550996716,5.0,47.789
0.12372583728958647,12.356695662690171,0.6304127777300716,5.0,46.784
0.1564673084649444,10.782091805164612,0.8193202622465595,5.0,50.275
0.1414314029109612,15.879031782886194,0.8777521276014101,5.0,49.906
0.1,0.0,0.8224954612155639,3.624771422715762,51.004
0.2296634971504177,19.129635562122758,0.8378056806256814,1.8448291953126268,47.043
0.14097901517920078,20.122360708575645,0.627862711625386,0.889676960768177,45.18
0.18052336606277314,28.32532876207459,0.34320466612466816,5.0,40.516
0.1804271491544993,19.040562446804095,0.8640090033581381,3.5244217637978283,49.457
0.19386010583299398,22.947859986260674,0.6686779534063565,5.0,44.506
0.18621408721989777,11.467796403389105,0.8513324741812254,5.0,48.608
0.15761936247736577,5.651449390296012,0.6478740829290915,3.8903086327015672,48.173
0.18857639349279165,5.297739514994776,0.7835250849923604,2.9568472414371683,49.14
0.14162985639641745,0.5571341476812677,0.8688974052321492,5.0,51.897
0.23394382166381122,13.651995613325987,0.713506073290545,2.6610723265795464,46.108
0.22093688521491175,27.05016995157493,0.6006138542198178,2.8573145391695336,43.129
0.10609526071194206,9.348416671335718,0.8783525872452194,5.0,51.079
0.20393862880100389,21.511160851494893,0.5296871264707952,2.2617464735040382,44.041
0.16085112186774672,13.269093149951102,0.8942388456680807,5.0,50.901
0.1226974044760476,15.655722986845312,0.6751666623635056,1.3268395760272806,47.311
0.18404803001405634,19.12556460557278,0.6126130071054334,4.303052778048358,45.264
0.17052472124679002,25.787176108313737,0.5775164849251393,3.3395426191569704,44.763
0.16872579574277943,15.770462613137196,0.5975471905398351,5.0,45.549
0.17867872823869502,10.135892605613819,0.8910519411976744,2.2591390595178162,49.86
0.14482934409125545,6.330515223839146,0.8063754241111891,5.0,49.839
0.16859504085832636,12.663546315575319,0.8841203787830921,5.0,49.681
0.17052768578572325,28.184459312027457,0.5477005330908337,2.163497562002176,42.656
0.2792930340411198,42.68567596211828,0.2971952609865143,5.0,36.892
0.17958769571876465,14.238744495864939,0.7868024549664521,5.0,47.364
0.1259637685155555,6.74736470386724,0.8685797639802373,5.0,50.803
0.11588882351912275,9.68482094511703,0.8909587999737851,0.09746669055319257,45.531
0.1542764653594418,20.927849528508673,0.6917871371795912,5.0,47.528
0.16641765047611026,20.615873329172903,0.689468217470085,5.0,47.247
0.2147254343550125,24.259487966761856,0.7373783658187559,2.5416162471328607,45.733
0.2356990247534222,31.40662863631257,0.31579113609539405,5.0,39.808
0.23696002572607178,28.040971173342054,0.7632744502289324,5.0,45.823
0.1427304966190905,14.990566082721385,0.7881754242302894,2.4327742013282836,48.267
0.1404913657041141,12.814254516898075,0.8475082575018645,2.5895800440803107,49.341
0.1636767475851355,15.348307190424782,0.6076308923791024,5.0,46.135
0.2286584896785319,28.188022602976833,0.6120313357144833,5.0,42.536
0.1657518588997178,15.853365721113192,0.5927496815009472,4.013773041645526,46.07
0.18681861714415957,24.54419293037478,0.5725942302798765,5.0,44.491
0.19338513815543593,17.693114978634455,0.7097943849993098,5.0,47.341
0.19490993373776902,16.002517236826982,0.7789180930180594,5.0,46.587
0.13367590411544858,19.522427430654965,0.6583985791906379,1.9657278323547196,46.818
0.1,13.384484649853592,0.8010671485488501,5.0,49.503
0.1796845506638936,18.803588426070306,0.5830255952030101,2.0789214363303037,45.258
0.18607563236933866,16.514987298759102,0.6216411754524844,5.0,46.844
0.2220266495595351,24.19005218531523,0.7519929036829542,3.9754231560756166,45.285
0.16181728047057328,14.6082027296364,0.6883972456335824,5.0,47.456
0.1787873796851674,15.915441241640654,0.38926068238717065,1.3323683661538854,42.874
0.19600560718444948,7.694087071367653,0.8962583754720572,2.0314477673695124,50.423
0.13111253248711593,20.0618734791659,0.7012718998621886,2.9512973688316797,46.269
0.1415292230310962,12.31799797810377,0.6481319191116675,5.0,48.188
0.21470728818661836,18.526474278781677,0.6334750931083559,1.212680927673794,44.291
0.17857054553865007,11.83966161000422,0.9071205357053386,5.0,50.768
0.23576904269427784,22.327719074346813,0.6371298448345202,5.0,45.02
0.12170662677488135,9.210550257634596,0.8438419880701276,0.676947869210835,48.231
0.18257016398391207,25.0491558981048,0.6550317914923155,5.0,43.997
0.1590159999086298,21.16445533340012,0.7063020773235035,5.0,46.899
0.18867470128722122,9.563080200241554,0.7421852487807519,4.317868898047395,47.971
0.23403878824983043,21.102009708084832,0.5939252927987227,5.0,43.779
0.22180492401347804,23.366023737079495,0.5380186124653271,5.0,42.704
0.2622780293246772,32.26723753798503,0.6196787241247914,5.0,43.42
0.21687358618985758,37.32489982189903,0.538449848565371,5.0,41.6
0.1604605361703803,21.408281284629197,0.6684475130556666,5.0,47.135
0.22310332601837665,30.14799764344274,0.48056004697137816,5.0,42.217
0.19619606941151735,20.880037977296194,0.6619730937266919,4.12166371797173,45.613
0.15135008296978694,17.285348077950488,0.6470609778187403,5.0,46.725
0.12379588824473602,11.265013083152208,0.8648517769906037,5.0,51.408
0.11197138226895874,4.532122019187865,0.649795516137961,5.0,49.248
0.17382148690191035,13.024635387743835,0.8611333448980973,5.0,49.826
0.18508007170706822,19.95195263641738,0.7699841948145618,5.0,47.367
0.1593553082321745,33.289785370394334,0.652945654987387,5.0,43.381
0.158154286084679,19.67993185456386,0.7413320392247358,5.0,47.666
0.18363634725812267,19.253823436100422,0.643872303361827,3.4737708834657153,45.203
0.23611829063478013,18.70539656153132,0.41124287998736414,5.0,41.702
0.2404226456620328,25.905682698155726,0.701217449516726,2.820110598134298,45.062
0.174447176465124,0.0,0.9970853682741446,4.076205878546816,53.008
0.18988903466109935,25.633124515951078,0.6096066412486759,5.0,44.331
0.17636670366314944,33.192362442901434,0.756196537279371,5.0,45.83
0.1,13.814248567554458,0.8190357711946574,5.0,49.7
0.2118827538553653,16.298450522911775,0.7899593736670206,2.863438696036965,47.309
0.1771527225142925,20.32505686886308,0.5857226322687449,5.0,45.161
0.18023508388734066,26.297845083661958,0.8076144854999403,3.18044682475805,47.147
0.14751194702126957,28.934638922283682,0.4879375307012286,3.7034374888284534,42.932
0.1,0.0,0.809122089023455,3.469491506475978,52.425
0.164442248029833,19.84705225905574,0.8979975145761278,5.0,49.703
0.17364883130169295,22.528419069491264,0.7190213256429578,5.0,46.613
0.1606147065016903,20.586130910656898,0.6619497561227106,4.446383634537723,46.231
0.16866382165688087,0.0,0.8562996322799351,5.0,49.973
0.24372887591442347,37.63543541134287,0.21151529372012412,5.0,37.573
0.15299260551356417,25.222499510995114,0.5565903303517263,5.0,44.368
0.3285648006217963,36.7945041253612,0.39399840829923094,5.0,37.642
0.2043605186716999,23.788934907737534,0.5087742371246373,5.0,43.28
0.1856657639465082,20.856084914142997,0.6748063825507151,5.0,46.544
0.21500032040198896,14.89049924813825,0.7182527352453859,5.0,48.018
0.25638636626363104,27.73690360333187,0.39106223081643754,5.0,40.929
0.15949960507735045,20.510059847911027,0.5436136922056701,1.579100366919986,43.55
0.1460440812023807,14.68568089334554,0.7526023658298474,5.0,47.88
0.19451381337223692,29.61666406152853,0.6252636429715446,5.0,44.662
0.1348711707974969,19.401969926149057,0.8231140952877807,5.0,48.435
0.20080482743666733,19.160118186753444,0.5458548333685491,5.0,44.272
0.24960346001286052,21.345911631827274,0.7783873295985626,5.0,45.929
0.2695374853893321,23.4128841000271,0.28365341677546263,5.0,39.838
0.16044722112837118,16.769558700944685,0.8250958494883809,5.0,49.72
0.15840065404237277,17.120895204663324,0.7877836101506083,2.6699357447353873,48.988
0.15302314436579167,26.099239019112247,0.41908363723220027,5.0,43.1
0.21593990753532005,24.138905205646843,0.5106583183144238,5.0,43.774
0.16521057450462545,14.139222270308005,0.7940118460222898,2.461327949077005,48.681
0.21193869217792394,25.086594319816328,0.6156613334120195,5.0,43.693
0.1757792292359115,20.77197297572804,0.8515536168957198,4.309351163084944,47.883
0.18188552419555348,9.927555266581214,0.7376157599178326,5.0,48.63
0.12592096212288126,2.2477202673571686,0.8832193327589478,5.0,52.526
0.23921796994307043,7.727396703605377,0.6865727024485643,5.0,46.972
0.1553942935054946,18.30739662507062,0.6896983233743121,3.978910565804316,47.584
0.23375448657963802,30.763058358990165,0.32188550039155384,5.0,40.109
0.1883775475566522,23.324720174872574,0.6363264212430917,5.0,45.113
0.2473359420110512,26.687110246139202,0.363351390717065,5.0,41.016
0.13768180589104848,26.844355869010773,0.6914723865238034,5.0,47.066
0.22440008547147208,27.46464808651811,0.5154142310326019,5.0,42.176
0.19039626495239295,29.399250717136244,0.5341108128960901,3.110131877096803,43.54
0.16186912794976102,15.605905874365845,0.6198887094732584,5.0,47.067
0.15383489733159095,20.932549796341707,0.668196757246487,5.0,46.444
0.26371079649014917,10.334762673409413,0.6670362336432804,5.0,45.951
0.14661664099720023,15.931157778141522,0.7415712164070888,1.9787378916127798,48.354
0.1299377464322392,25.522076720225478,0.6151679732311852,5.0,46.015
0.15919134401376164,30.099680275976407,0.4928705986647225,5.0,42.932
0.1265516745872481,20.33496620238413,0.6162219244674246,5.0,46.277
0.15389886161543273,2.3828283757572795,0.679446929029406,1.225882099081744,48.854
0.16206044162224878,24.241267065358006,0.735537953376385,5.0,46.656
0.14474028288361587,5.488800094867257,0.7107739993494476,3.889607091139834,48.859
0.1767966935737079,29.85166234533299,0.555210170864155,5.0,43.785
0.17868618300616348,22.488227065061267,0.7856636568122263,5.0,46.979
0.11512250125097184,6.391412636096611,0.6428177999610029,5.0,48.629
0.24199462145405584,28.158666619273223,0.4126899588615468,5.0,40.407
0.1813332597592805,16.637117755405026,0.6804651685108812,2.428313810616381,46.206
0.12967351179531167,14.143253400841079,0.8141137546867013,0.7524931689420682,48.495
0.1653323113157803,20.739939231662326,0.9413708309801219,3.3313157834244858,50.257
0.10621752362661208,9.730282446095423,0.8381902597016707,5.0,51.149
0.1479593776716163,15.869556124054098,0.7975603059281001,5.0,48.804
0.20154604801675707,21.62191062542272,0.4702591608024277,5.0,42.839
0.14097738161407936,24.0598294628889,0.8279592592825917,5.0,47.78
0.17470235806191586,20.36968796630819,0.5805597867708244,4.101760051780609,45.293
0.14016882944008857,0.0,0.9123709934878802,3.1468641165602387,51.948
0.2519538012431476,26.735029870964095,0.4724676358723809,5.0,41.74
0.18656100450436514,23.4477622357714,0.6870707525564936,5.0,45.91
0.13798186638559362,14.485300765920606,0.7391558058444516,5.0,48.199
0.24362103719303196,36.974209927655195,0.6038423110441828,5.0,42.244
0.17083965923569044,8.333425064007951,0.681123789788459,5.0,47.833
0.16481501052582204,16.623092612559688,0.9086688553621473,4.378290252356688,50.001
0.13899741280266048,22.583726168401814,0.7693853539851254,5.0,47.944
0.19455922627732727,14.880160312756242,0.7104708484057913,2.2959312960868377,46.696
0.1884586270703434,20.42017773437147,0.5852949578324299,5.0,44.191
0.17569219008896433,17.746876370439995,0.6467202641575699,5.0,46.259
0.2085026226981104,19.285769393821873,0.7017795773182677,5.0,46.043
0.1143893904751019,16.548694404799967,0.7255289968788334,0.0,38.936
0.1,9.728759383083476,0.708551874533721,4.3813357776876956,49.332
0.16451946992394634,23.176355288813376,0.7869245046180996,5.0,47.814
0.2574460392852915,25.455253865298726,0.526896882734629,5.0,42.03
0.13477871214150788,20.74098070151134,0.6952031729062679,3.565311607199849,47.457
0.10916895935837856,23.75015454489092,0.6219528481390423,5.0,46.709
0.24045442336255726,35.52511826424688,0.3674302227342504,5.0,39.215
0.21260572081388165,20.967230411313064,0.6088818029952678,0.7228035768718938,42.472
0.1821574941107857,6.628969111638345,0.7960658338173697,3.94965389972516,49.285
0.16083600156746597,12.591197865472283,0.680979617630292,5.0,46.619
0.115133471226819,9.308989063734792,0.7458935075001587,5.0,49.875
0.20752142886904196,23.018672872814818,0.5354360978437274,4.339180128244907,43.825
0.21146695315002673,22.47699502153548,0.7897611592366487,3.381017805068221,47.046
0.19741756398940238,20.547012360233225,0.7965215673156073,2.8475000561593196,46.499
0.1090747833569974,19.509727239020997,0.755073903998295,5.0,49.088
0.1205358339138515,20.18200043049068,0.7917096596454917,1.137676991422,47.422
0.22036290890420426,26.10239455684449,0.5821601456923465,2.895727785941433,43.875
0.25408071793586895,40.01262832685461,0.48179283979306775,5.0,39.093
0.1684081068774639,5.953778449958966,0.9606182664189866,5.0,51.587
0.19014559783213694,23.56910358713262,0.535418206118404,5.0,43.934
0.1890341976912918,16.793374679815216,0.7967411438493787,5.0,48.193
0.23376831110044954,1.0723731009928503,0.7428385760584703,5.0,48.606
0.1841254280145219,25.02141913164072,0.6531187035608831,5.0,44.459
0.15776686214885074,26.267001408468012,0.524862511243516,5.0,43.495
0.22573167153557558,25.094565665202936,0.8759365595912382,5.0,46.876
0.19496542947130624,33.52644640214981,0.6110319880190442,1.3247936659253954,42.653
0.151195717116365,15.065799780321719,0.6752962450982655,5.0,46.5
0.2146687442778505,22.30565195975278,0.5818697827069117,2.8323665051311924,43.54
0.20635694454591155,18.295176679614904,0.7874641062615555,2.569534767221818,46.834
0.23806425163147665,10.178099803775462,0.38219795165698245,5.0,43.65
0.17443501193135416,20.14565360907142,0.7935546406388061,5.0,47.387
0.1,7.690039965730855,0.6452533933245541,3.0937837055459694,48.442
0.26497277485863246,30.012801205768184,0.2932735660137993,5.0,38.865
0.18627179572513852,22.41322679912741,0.5891933825872743,5.0,44.997
0.22209358946405244,27.3110611778114,0.4890507963502674,5.0,42.844
0.18496278851557638,14.595981103761414,0.8020355912207201,5.0,47.826
0.15637802815993726,11.534620099506405,0.7340692251763015,3.088282846215613,47.758
0.1780476912937766,32.940505873781404,0.4920634981667302,5.0,42.028
0.1578395211931527,0.7333043887840116,0.8738454248073256,3.6219803127986596,51.747
0.1024040854085184,13.121689652563177,0.8566635147120736,5.0,50.583
0.14197081542139575,21.938763582972985,0.4905082445774447,5.0,43.899
0.13962930765589582,14.683035298798577,0.7522424158570835,0.0029180935827343157,39.906
0.19171955221846712,14.81971243894758,0.7102207030534352,5.0,46.553
0.18899393781918117,20.707188096863412,0.7472583667461489,2.812207768203985,46.435
0.12208392005409098,26.690645550918035,0.7687819684176359,0.006877200772717251,38.909
0.22521343739562133,33.33783866403938,0.7859597998591454,3.2315490280820596,44.595
0.20663679261246412,17.267323068137557,0.6502313163734784,2.799173139985556,45.938
0.2634611432242471,32.110014030130145,0.375213888776008,5.0,39.73
0.18548201031399564,16.832831821558987,0.7059259696646543,4.4574441998565835,46.951
0.17133393731526841,23.830575318543175,0.6548902618250377,4.420488712858179,45.934
0.2145575310605959,23.504274533086296,0.5078631635410862,5.0,43.096
0.17579193417038694,14.402669735700858,0.7110534676726382,3.3957375992655283,46.895
0.22093221931467474,12.748471668350831,0.5190634830321754,2.8159242970300333,44.073
0.16025765130633518,11.400027934045111,0.8164522043732578,5.0,49.085
0.13223503610031256,23.076647340411803,0.8106760351911382,3.5938948796660175,47.659
0.1407084410487523,2.5749663454082237,1.0,4.503491112253675,53.216
0.20338100508704787,18.268531871198466,0.6522994239434949,4.863046195019759,46.212
0.22937535408377643,12.574948219826364,0.8105568197585344,5.0,48.8
0.20583522625510398,9.410274850890705,0.6365890089039485,3.3461895641531307,45.753
0.17338855499508768,13.627901658052764,0.7695506665752978,5.0,48.634
0.23554145143740543,20.83296093332551,0.5197088328998947,0.7882175539939673,41.604
0.1,14.777922743920126,0.8728583533798073,4.18173465120996,50.939
0.21143031266394086,9.55103998950746,0.4615192553280335,5.0,44.43
0.1539993186951741,19.403199481529427,0.8391791805159664,5.0,47.877
0.23847718893196324,28.031479361939656,0.6502940044363089,5.0,43.797
0.16378858882199293,20.137448606619788,0.8603242201493312,5.0,48.508
0.2019536524263381,29.064688802326874,0.559617771983143,5.0,43.128
0.21761875836843808,35.19185371670113,0.5934643183415712,1.6283585821280364,41.201
0.24513915813750825,13.560585836003675,0.606570053947702,5.0,45.35
0.23017164116712208,7.429336144566218,0.8682727923185537,3.5815910485071623,50.218
0.1414327499123303,20.95660429581686,0.7672691522385773,5.0,47.538
0.21117543645779654,14.604430689622689,0.5652792322011398,5.0,44.846
0.23561051791365042,21.270058214629692,0.7071507968444704,5.0,45.125
0.20350195431395712,9.003183043530514,0.7639016815539135,5.0,48.652
0.1566672634758565,13.087577030052916,0.7594267074124113,4.162145261939894,47.749
0.235899705781813,41.360222917002346,0.17514940604819984,5.0,36.367
0.1064782500886216,4.545538098217309,0.8334856623601204,5.0,51.735
0.19311974391683542,14.133739050412876,0.6796231216237663,3.6669362756844213,46.161
0.1932366951677926,22.247674553172104,0.6412941859989826,3.1984785601486667,44.958
0.2469827996563344,30.335512726110775,0.3981008599407693,5.0,40.165
0.12364772245672827,11.410261729353072,0.6943343349114819,5.0,47.855
0.1791123925312872,18.870322738226854,0.6280645276589665,5.0,45.91
0.18745972216504792,25.995501423658162,0.4692285553225793,5.0,42.558
0.1414412096959073,16.294456202053638,0.7975757743534774,5.0,50.076
0.23621582337273855,32.33902322651351,0.7770275455724709,2.834190153953441,45.033
0.14003164123626854,22.71265045473988,0.548314807302803,5.0,44.946
0.19927955117945526,24.56396702046024,0.924689160188047,5.0,49.021
0.1743956454031799,17.763120041725927,0.7515742343598503,3.165269301926536,47.942
0.1791733894518295,19.71704210873543,0.7122846108327714,5.0,47.304
0.1821032420823586,10.703582346693201,0.8297415021422265,3.9820637639587466,49.807
0.15253195623650537,18.296857655765795,0.6284578242534473,5.0,46.499
0.22730412503976738,23.195032696712456,0.5691668983797978,4.378828705318879,44.141
0.18091192112830534,33.15817109887063,0.3297646139920999,5.0,39.57
0.2259185158439974,35.57722182137379,0.4688704428588429,5.0,41.684
0.190325260613588,14.78403491853373,0.8208240908969896,5.0,48.758
0.15938302990792985,17.045732453809226,0.6350600774431349,5.0,46.399
0.1884498089889811,0.0,0.5533519742432247,5.0,46.854
0.10333834439524245,0.06840626226773594,0.9588478663352549,0.718642444095615,51.723
0.1469861674028548,17.679184141822656,0.8766976529671209,5.0,49.796
0.1562888694793001,21.947917962161007,0.8455417240905949,0.42374814846977366,45.341
0.17707749092427544,24.55575425033642,0.7065470225680323,5.0,46.699
0.17118795905816547,21.52543285598623,0.894569244392194,5.0,49.65
0.1937281840915232,32.80221637611304,0.3766833438553499,5.0,41.805
0.16822042618274097,17.043950961579515,0.5433833756427622,5.0,45.295
0.14995188440117446,5.848403824800187,0.7134747989028885,5.0,49.086
0.1186457572395685,32.290211923046826,0.7727859126840175,4.622333524635888,46.272
0.24331938603159445,18.48665535588195,0.48514312215973715,5.0,43.659
0.21274521705523639,26.156747007122654,0.5095369375995265,1.3394153909680016,41.847
0.1646931778079542,15.070438850403235,0.8929173552355278,2.3384773677130277,48.992
0.23115258897965169,34.18623972555605,0.6626998988013197,1.0033165008005063,41.339
0.1326649530337987,9.01851293891609,0.8168952421228596,3.8600393938284268,50.199
0.23899948254632747,39.28491988526986,0.3499482330848874,5.0,38.735
0.14612118055469225,11.08820444578031,0.8630439615041866,5.0,49.448
0.129257198117969,11.06247039275186,0.6713370652629386,3.679274070450968,47.895
0.1496330085723062,26.25354645409304,0.777339731413193,2.377148378063171,47.774
0.20740309648397443,22.00989527351307,0.6426324285754269,5.0,45.074
0.2471997617753748,34.10082014368798,0.39146933934057615,5.0,40.221
0.21619612218975987,23.993601131847875,0.3037479686788412,5.0,41.313
0.21841101491983053,19.57429922767963,0.8946119432805637,5.0,48.397
0.15926391598259165,31.26680453476733,0.6641228051993627,5.0,46.051
0.15378583939270332,9.473642268171744,0.743614372968298,5.0,48.09
0.1,0.7693010571084749,1.0,4.257233622302195,54.445
0.15863966623003742,4.756447821010049,0.8480419254618323,5.0,50.179
0.1653654493079136,11.843140165335852,0.6496864564406474,3.2363518112393193,47.716
0.19722434443488276,13.2112766657048,0.7662058476181848,5.0,47.964
0.21660528599835308,31.910224757223236,0.30348216986926524,5.0,39.425
0.1820890296767117,18.345586842568743,0.7229951224111802,4.2541877954456755,46.554
0.1398523202397838,5.955491042432563,0.818342956835301,2.2729790731248745,49.328
0.10654730053735309,17.994221783466458,0.7668828274380635,0.8464203197353283,48.853
0.14123285335876,16.333737305550223,0.5316733529223056,5.0,45.684
0.12659026232050488,12.074194225623478,0.830225170663535,3.0275098904373876,50.79
0.20857406851861954,20.2544670327638,0.7760632776434396,5.0,46.983
0.11721158900413282,35.58249292609952,0.6894801463703917,5.0,45.54
0.2321584239761534,27.72471756060167,0.4816896969601444,5.0,41.654
0.13303455058101699,21.37632332136534,0.7042082786416579,3.7848769986259114,46.828
0.22434930629917443,7.870996326399538,0.7015767561760335,5.0,47.602
0.21056673188381542,34.12419964181458,0.5834276086358323,2.1805674333674046,41.555
0.1469152502827162,12.420109505288004,0.5070257786096752,5.0,44.505
0.17433280262590584,4.873903414388296,0.739202208534405,5.0,48.178
0.19715746148133212,35.45061982991474,0.5459605455580118,3.5089585523517073,41.291
0.15981203347050962,15.152440043735364,0.5077150971213747,5.0,45.605
0.1888426548023806,4.014536742616814,0.939710640541422,5.0,51.432
0.1976479601895359,0.0,0.8148090905436491,2.721123763280006,50.489
0.20115310010302462,16.94475092845552,0.8152584617338328,5.0,49.352
0.11677415466968458,3.5153835572261123,0.7754137233449455,0.48280193712792097,48.337
0.2129580481296253,23.345065559630434,0.8088024431976757,5.0,46.367
0.22988023812768762,11.849202222008943,0.647738617362651,5.0,45.559
0.16290067686571633,0.0,0.9210546889999928,5.0,53.088
0.14456080547154865,15.58365210691667,0.6410044747852294,4.781571166194241,46.811
0.22507938426636825,23.176385841840276,0.472416715939322,3.017448025365839,42.753
0.17713916568566598,16.646694057668828,0.6084121940899987,5.0,45.324
0.2477262916119469,15.927069179352037,0.6284341264789246,3.833432997210216,44.383
0.16584345426462413,15.658597766751805,0.5719131812009222,3.8841729115678416,46.203
0.1,9.031460275556844,0.7796231462409098,5.0,49.757
0.2386938457850244,30.740887158639957,0.299018383628838,5.0,39.15
0.1600701064223996,18.508154885046928,0.7521393032435486,5.0,47.599
0.15927474402620226,8.94304279932777,0.7860843101739271,3.694174194655423,49.241
0.13843435277757696,20.365117536628002,0.7792004600235316,3.4408472949347906,48.106
0.12679407721685412,16.627226441278303,0.8062126575378046,4.537499684787509,49.173
0.16173488749074913,0.0,0.8376799684989719,0.9449476879166785,50.894
0.18137496409034726,19.544533910096284,0.6212871201801492,5.0,45.069
0.16957877556974155,19.701979346014383,0.7941360205513719,1.2986569664801781,46.922
0.1716707854936359,11.091005645655693,0.787282935022706,5.0,49.007
0.2589909077574394,34.68586066870856,0.5272292088154151,5.0,41.379
0.16414088668745358,12.845390735394732,0.6815656949225445,3.941575067549016,47.547
0.13412260302246698,16.30950914667933,0.8447356246868492,4.911102871491849,49.844
0.20451574124968994,7.6325552484528565,0.6861464645179153,3.2849959113709746,46.792
0.19140091480501664,24.946007845348397,0.5708886090735081,5.0,43.803
0.2383921732311514,27.380301348996262,0.9442611593762701,4.532216588109509,47.973
0.11522114234324549,6.175233240426178,0.556008213999872,4.716645937523859,47.084
0.17678584992435797,23.93068791423149,0.5856668048633185,5.0,44.168
0.13159765304527354,5.501901773384556,0.8573615856645903,5.0,51.199
0.11596801776437796,10.649279335915493,0.6813209010695872,5.0,48.654
0.12165705152492168,10.988265728577561,0.8179780602172427,5.0,50.223
0.19390074987148995,18.46569099100411,0.6727783983277081,5.0,45.857
0.24443117973611522,21.42583250074602,0.35838989800962756,5.0,42.163
0.184361627004003,23.197909085139976,0.563928500815912,5.0,43.684
0.12182683934554919,7.717631752552972,0.7222416088098391,3.456649363952139,48.419
0.11295033841525037,6.365504629579899,0.699716160162016,3.1797208213877832,48.67
0.23139262329755864,11.216858501303427,0.7898511833868315,3.165429819086337,47.708
0.13672005460283856,18.978623908152016,0.5189681297978468,2.3654323984886676,45.442
0.17034697666574627,15.775502683210654,0.63810808163213,5.0,46.521
0.2277344723879614,8.979965934182882,0.5023661609089931,5.0,44.451
0.20361418262857034,26.306123334047356,0.6467569480746492,5.0,44.483
0.12164813022612503,3.07083575211278,0.6944846460091906,2.1969217161752668,48.67
0.16746459185020499,21.068134607774745,0.4805597109176388,2.185375298121696,43.707
0.19848449530384754,32.73281442732422,0.2979432245403506,5.0,38.535
0.15591976608277439,16.323768836633562,0.8566366739485544,5.0,49.574
0.13086378788307573,17.582538996019707,0.7127775256135485,5.0,47.952
0.17652086224956273,18.125892095606204,0.6658768876670634,3.812472317380036,46.351
0.1460869849457172,20.079250738905515,0.7493211182731008,4.254183396021439,47.439
0.19505853477408647,12.441056155584416,0.9095439758072686,5.0,50.509
0.17507598518007292,16.02848160389193,0.6011998963158984,5.0,45.666
0.18725182377700325,27.22237142612409,0.4768724560274282,5.0,42.554
0.21409062639264068,24.0347504042754,0.6703431994487566,5.0,44.77
0.21741599553706414,2.5274140024746785,0.5421980380158267,5.0,45.653
0.2864448602405527,40.351964123726276,0.524716493688569,5.0,39.451
0.2067821905196429,20.890436038517898,0.6715417335850545,3.246780527981565,44.796
0.19946985139875278,22.93184968919394,0.5269559071380616,5.0,42.783
0.1877142769571659,9.738407200028217,0.4997507470312703,5.0,45.17
0.21291991936607418,11.636978043701795,0.4238060212740389,5.0,42.345
0.16561388849936404,19.294821551628544,0.8019847639152644,3.024475705237202,47.932
0.1,12.170022247976359,0.7911347729437798,5.0,50.27
0.18828417870229838,13.543786456050956,0.8668909344274446,5.0,50.039
0.1254845084727744,5.236251284357904,0.8377171812226425,5.0,50.946
0.14836575857594572,19.172715869588185,0.36086652466924984,5.0,42.215
0.19628247603485507,22.63987178998086,0.6375524003750384,5.0,45.546
0.19495440515821566,29.14231258761727,0.7369975154597008,4.173466256735341,45.145
0.20565296488332677,11.073657041538148,0.5711672353599417,5.0,46.417
0.1999456870912914,14.355940043763459,0.6364545366451194,4.170618268681139,46.018
0.12058187296028114,0.0,0.7858078761484765,0.3596988882998401,48.056
0.17830973492681546,20.979677856156336,0.7214258632141045,2.588363568586053,46.052
0.13963812083515179,3.7749092391929953,1.0,4.419912971452993,53.432
0.18835673576975742,29.40447782225269,0.6174711275395873,2.2848177248729584,43.189
0.2550632909203937,37.58266035388171,0.3453601900357073,5.0,38.227
0.15327761947110125,16.410497156555287,0.4446331095963756,5.0,44.673
0.1436529852254722,24.722744107412154,0.7367930028807714,3.6300006725758744,46.626
0.13213683031715526,9.55266962773224,0.9893047698638728,3.6457070477734557,52.442
0.18019595240280567,19.015419425378855,0.6390407692128343,5.0,45.931
0.16936564431456202,7.568205967745154,0.819126870071959,5.0,50.024
0.1654924408754456,22.293697442101678,0.5816019219324172,5.0,45.216
0.16182366545593124,25.332963416284926,0.585430906237057,5.0,45.108
0.20711048564477577,17.545091469716578,0.8170456243809551,4.318769845666023,47.916
0.18483266298362433,23.26061056741333,0.7168784451791838,5.0,45.357
0.12227246846755113,1.648070912663691,0.5721217640464911,4.062990303822764,47.88
0.14632936230470928,15.643255079982644,0.7445118547068726,3.720073044304579,47.444
0.244174608373342,17.374879364151525,0.5386090988357111,5.0,43.432
0.18957903561972822,19.881280468239993,0.6306927302427419,5.0,46.126
0.15815167686251017,21.295785690302424,0.5179386015934528,3.162258011063927,43.002
0.19502118379027314,22.16551431161028,0.545281013588871,5.0,43.817
0.28596251773571996,31.43644309300846,0.5830031827178415,5.0,41.704
0.15344960093363721,20.376821886185894,0.5994613282096678,5.0,45.441
0.1976555733387707,17.112486367431533,0.5754205261375794,5.0,45.026
0.13713983426978163,17.89986712166781,0.6849518652759974,5.0,48.006
0.24382086750605864,26.574673959293698,0.6873291293269478,2.523555891531313,44.525
0.1558517327531082,22.795886178187875,0.6319699852077438,5.0,45.27
0.2219293156117332,41.28475044321283,0.4668618668472064,5.0,38.806
0.13402453905739353,24.29959378891506,0.5624664849274921,5.0,44.75
0.10632192578997957,9.659635765715954,0.8357647173106926,3.3083809933094064,51.619
0.13551501035172298,13.872149990341144,0.7061975123411812,5.0,48.03
0.1493872232972849,11.606305763251047,0.8024578569384413,4.394977784590786,48.879
0.13730467063548504,8.576201823158762,0.9333612602074944,2.622276850795165,51.008
0.20338370664426525,30.08668023856938,0.6572270653061717,3.0209582564106507,43.153
0.1314518140387917,12.70768407625836,0.7667862157167156,5.0,49.181
0.15377977412658758,16.150012286063014,0.47423735533482947,5.0,44.334
0.1690449522738708,7.8752951102184054,0.7627394825135363,2.5835046785924907,48.86
0.18157879297308194,28.580187834017863,0.5334305065098105,5.0,43.826
0.26481129741779463,27.35256025740382,0.602707470036944,1.4054357223497047,42.206
0.24704010504994972,30.815331298059323,0.5146608354409408,2.4935470406848683,40.835
0.13332629077716612,27.225916070642043,0.8335004408020996,3.313000561453929,47.932
0.16239496932417619,30.22322358870205,0.8174895008892399,2.2910746708593117,46.699
0.159108858305419,21.088489471682067,0.5593458659515967,5.0,45.522
0.17904125365703621,10.839332822672578,0.6744918975354413,5.0,47.923
0.14086457711447742,13.733268241095205,0.5600906252741245,3.754577084216118,46.772
0.153878293603545,16.066758761328902,0.7722683525337145,2.5292261989844196,48.441
0.16007771043169083,19.4616330936902,0.3885499569223776,5.0,42.811
0.21084141159713038,22.639386316293976,0.6280900951311369,5.0,44.8
0.20449197262229113,18.74722522950075,0.4981535242665508,5.0,43.599
0.12522792219215137,10.710015442978744,0.726590097244446,2.22618477917928,49.112
0.19066937488426514,26.725623357414634,0.8247967992812161,5.0,46.544
0.17525162244367776,20.45223520625074,0.4314650780228757,5.0,44.114
0.17045600776941963,15.267641668269082,0.789346328376871,5.0,48.833
0.15307677459457147,13.18940749964518,0.4871498663727235,5.0,45.295
0.23013446360469034,31.67045389834939,0.45585156629276075,5.0,42.016
0.2156359798695211,15.03273619270597,0.5401583523691392,5.0,44.769
0.20534251371911924,23.20154250015555,0.5595510997600552,2.950449100847223,43.658
0.17600974888785506,15.614013649023395,0.5897671290989568,2.571898128225572,46.186
0.21584184335409135,19.09563205426863,0.7387925530769861,2.6050691146718563,46.213
0.11859825171603228,31.391502445313026,0.7706086736146447,4.3303864908853855,45.978
0.1637021244169412,5.517241792474503,0.9062294851069158,5.0,51.439
0.1556832074532429,16.41928709090049,0.6536403715897371,5.0,46.938
0.18983071404488067,3.722952447707038,1.0,3.9030025725687905,52.285
0.20276529474342728,32.534443549186356,0.6188339834162563,0.9965971385366218,42.873
0.1743632378200666,12.9622664086276,0.7006727095764317,5.0,47.536
0.18422498271396376,5.476929730001204,0.7609505053683243,5.0,48.918
0.15737691315606747,26.41660340632472,0.5559698714791936,5.0,44.258
0.21030299864351498,15.93538158998495,0.6611683390857299,3.8851838248400767,46.091
0.22394712695691069,23.542758548700416,0.6079322419154033,5.0,43.935
0.13920475540889593,20.74946607975496,0.8112374968811904,5.0,49.366
0.1591919111334857,9.43482265545499,0.838046568577292,5.0,50.51
0.2133841721604079,11.620643493710578,0.5252868392947017,5.0,44.362
0.26368940533131524,26.52455902746461,0.5629668395586378,2.6505020415531733,42.849
0.1,21.152854656693897,0.8270401488300417,5.0,49.505
0.1765694900394224,13.21973180730172,0.7765803157494502,5.0,48.304
0.19441708542880962,8.958700775295153,0.8249462663295999,2.3758688286267744,49.474
0.10971568214578847,20.03004945524022,0.7427593082747636,3.988933619317699,47.75
0.25669065744843966,35.93647693820396,0.2689553902340629,5.0,37.03
0.17706055509100715,14.621432899585852,0.9431858001141462,5.0,49.74
0.16516945216661882,13.741277415172041,0.7302344261996824,5.0,47.973
0.18482968982554238,12.716885062546304,0.9610589062702786,3.446104943150779,51.075
0.2239459293732515,32.43399672234766,0.4883575709646268,1.479770846519754,40.823
0.19467605727025536,11.268162466146276,0.6050809548031215,3.8300205178448286,45.875
0.16030661880266392,30.388139516566568,0.7230619463649391,3.779720319586479,45.254
0.21568771785417373,14.363482668879245,0.8299261696686957,5.0,49.179
0.11385342067401641,16.17201881375149,0.5278121557105392,5.0,46.439
0.20053127930887937,26.917587239770214,0.28077111216957285,5.0,40.826
0.1089532009545721,1.2635023670415126,0.5169000733572648,5.0,47.323
0.14211633370478713,9.947818696675323,0.7243829192851833,4.831267416114389,48.419
0.1647496531873318,10.77995461252372,0.8545213330792939,5.0,50.524
0.160587000269258,22.951595287786652,0.7252111691397519,5.0,46.551
0.19573886008736557,4.2925617013435,0.9140602344407395,0.0,42.014
0.204278781135495,15.047742676221372,0.6462667710575247,3.679523488852089,45.541
0.15337005187473404,17.450408168974207,0.6992974623416861,5.0,47.377
0.15286335320823052,21.660585177875376,0.4929608660285004,5.0,45.516
0.17608270385315378,13.564982342378407,0.8393363586346407,5.0,49.353
0.1748606024367183,17.664683181684254,0.8596860941355643,1.9410740722580522,48.586
0.1,8.4387407676879,0.8324258883498266,5.0,51.915
0.15005472778584095,5.205104565451377,0.831718169501503,2.0730759468752527,50.29
0.17829213460595875,33.424413021348705,0.6487899863203046,3.2818611929167076,44.153
0.1,17.367643068301593,0.9023537426937311,1.5788446521798778,50.386
0.20131434738672496,24.812599107547687,0.6056289109860259,5.0,44.441
0.15957345383089824,15.590020262861621,0.7284786661462006,4.505616674478218,47.667
0.17477579706974555,22.013128583302752,0.4950372139385436,4.104210381114241,43.716
0.1822595769996637,21.232859403789988,0.6688179952912542,2.831922246708996,45.148
0.13942000403531074,30.248477173565163,0.6825046121827797,5.0,45.338
0.1851570651723825,21.813814429153314,0.718743237101313,5.0,46.794
0.18062637149258837,14.785605555524524,0.7140266195658099,4.854804486025928,46.198
0.1947471375657782,27.933403188399794,0.5511769281713815,5.0,42.864
0.20598104876132065,19.92580286656663,0.4505047801641132,5.0,43.429
0.19650534273496031,26.09841191128878,0.7193169572974891,5.0,46.766
0.21376835921249698,21.19598843700054,0.6110510464772811,5.0,45.03
0.13806757703737435,19.98914361867863,0.7249385294009697,5.0,48.125
0.1914683217401644,8.270079880581749,0.8516612025059134,5.0,50.582
0.13112969083674003,10.253647177913177,0.6491068252736489,1.0180357790518733,46.463
0.1511661067889617,7.853214789632697,0.8527918942243016,3.556117058082529,49.633
0.16843175910063382,28.86293922532993,0.6495842084324577,2.936154030018564,45.529
0.2375701073122543,20.302059745844623,0.5560343307785243,5.0,44.038
0.18798975482908353,20.555781913702248,0.6907863212058508,5.0,46.489
0.3094595014746937,35.80569210740013,0.310944206002043,5.0,38.444
0.16503871391617495,22.55266732434013,0.48857969447286576,5.0,43.95
0.1366843292677401,23.015200698421538,0.4693987172326661,5.0,44.318
0.182279386429682,9.871067400287593,0.9189650030019758,4.99048637849444,50.679
0.205878021714066,18.996111887250578,0.6950031173678207,3.904323323779818,45.883
0.17674928440045645,14.189454342913677,0.5734837573253095,5.0,46.013
0.1342612026203762,7.630038883208571,0.708390040504308,5.0,49.901
0.11170083983833216,8.499478256199286,0.7882789628175437,5.0,50.975
0.17992056297776493,17.074468072855645,0.4634090557736895,1.5257841197005955,43.805
0.26313214516307937,31.421620984818535,0.4074295613594854,5.0,39.968
0.1719699817089314,21.99217633782319,0.8438987637854831,4.564781101685467,48.992
0.16065439610197693,24.71058768149614,0.6565743791402249,5.0,45.731
0.20108854305659876,24.33502192669509,0.4849301925171297,5.0,43.269
0.1963589881091247,6.616023582271643,0.5434363768714345,5.0,45.246
0.19986549697377057,22.20952480008932,0.6352179968313781,1.315013208844739,43.949
0.2902508623977216,43.171853418190736,0.4503247251260205,5.0,37.452
0.16905048175712703,27.67536443641803,0.7184990889356372,3.3004866907378045,45.179
0.13590723437849714,17.48660723732031,0.5683680854647275,5.0,46.123
0.21250382573447624,17.05757060444534,1.0,5.0,50.215
0.20061773975537206,26.55068643053293,0.5059960255388003,5.0,42.896
0.1443591069117893,12.589886004453572,0.7504960800030389,5.0,48.721
0.18717522413604182,17.27222443078815,0.8502247375219811,2.019358304755719,47.499
0.18688887023627843,34.90252602203082,0.6045502212707735,5.0,43.223
0.16887656904018794,19.23781012793995,0.5335252795807659,5.0,44.472
0.1754351966772918,21.728896412312455,0.777536259865044,1.223857888176616,46.359
0.18664688523618883,12.249066983712606,0.5722815907162679,5.0,45.59
0.1803254426264426,10.151082947700885,0.6695948064189599,5.0,46.796
0.16250964716748917,10.140217083053592,0.7082600390973349,3.33469184445391,48.236
0.135261348348077,14.101939090473124,0.8031358278385111,5.0,50.241
0.19342744714044308,18.543909964420013,0.34415387483554016,5.0,42.931
0.1324460233357599,18.420405467861542,0.6728462231121436,5.0,46.306
0.15330244427844394,3.1715483958364743,1.0,5.0,53.631
0.12061405927114259,26.2472687877048,0.8259021612534303,3.760144953147814,48.813
0.17466425403794505,10.54783004199479,0.8490482839987811,5.0,50.526
0.28068386130083994,35.519514884182605,0.39503965310063016,5.0,39.721
0.24164632505402903,28.39291382475391,0.3486851192735959,5.0,40.431
0.20284971144534675,18.563437690992284,0.6955746738202241,5.0,46.346
0.18249232526004622,23.972693548375013,0.7626427351850477,2.1381008975863938,46.113
0.2090619399303896,25.796473441183686,0.49285032553639013,5.0,42.016
0.17571479501093928,20.07071273742168,0.48041048920892093,3.055964807714143,44.37
0.13648946563613823,4.605886270424639,0.8808705983507225,5.0,51.139
0.2175140028390271,37.15910510836471,0.5230280802545579,5.0,40.725
0.2017825150368159,7.715974977084343,0.6289936193162751,3.0082969878391888,45.763
0.1859101398191139,28.88221995592091,0.3782411503744173,5.0,41.424
0.21877779518976492,16.26244975478605,0.6109483106736661,5.0,45.486
0.13050919042771658,6.372202255783015,0.8436420169076307,0.7504960133582269,48.908
0.1684402487099666,14.946724570960475,0.7244272561487417,5.0,47.838
0.13482450058424655,5.8756162979003115,0.9864118734998348,0.0,43.845
0.12947660455535598,11.428990773131504,0.8593286194595356,5.0,50.245
0.17284512428148874,12.77906638297328,0.7921685746673205,5.0,48.661
0.1921895428542008,13.436325864163475,0.46361357051694324,5.0,44.87
0.1561918377262538,13.135544300898689,1.0,5.0,52.151
0.14041134452700094,21.08555238318242,0.8318742546618905,5.0,49.369
0.21118080465684114,25.409246446114537,0.5010445646542033,3.1596945252737374,42.551
0.20474800178822583,11.120930923323925,0.7259700731093127,3.545479504772814,47.07
0.20344117450907728,29.68605008129392,0.39513795965577164,5.0,40.526
0.2490564266021711,30.892031914541874,0.44500680419779776,5.0,39.718
0.20861862750247093,16.77614575507719,0.48666586538340184,5.0,44.079
0.17316731894474424,11.956940939185474,0.8822835051241377,5.0,49.762
0.24636824964554158,35.290033384920314,0.47572188217535766,5.0,41.112
0.3064592870381527,34.95039624411611,0.4264044481768934,5.0,38.529
0.1824762220536299,8.986968926168494,0.765785387975812,5.0,49.565
0.20347838320711548,21.352685010273294,0.5540163916435691,4.504337452380707,44.097
0.13771104571355294,9.077324519756916,0.7759916158693216,5.0,49.42
0.16803473758658988,17.967047487282276,0.6854831438037754,3.234550916562478,46.531
0.17694607537961632,23.936517738536622,0.7608944185185784,5.0,46.24
0.15157255828297866,23.97862107106258,0.6784621700867266,1.2897650292025036,46.55
0.13453419081329276,13.408466042290174,0.6782377779412414,0.8909302623739636,45.66
0.18747550067845084,20.95732666456533,0.5530003826346925,3.6209828080096194,43.962
0.20566837654792955,37.74720974587479,0.5552704341763984,5.0,41.96
0.1657879708900195,19.77965095361916,0.5442322117296746,5.0,44.548
0.15853596298218187,25.69940645785927,0.7435402026302704,3.664174821833538,46.939
0.21810914358391456,24.003482463186643,0.4734676905275268,1.5204092508425577,42.504
0.15774048197254661,11.62135690029612,0.8334254509190016,1.6627969696990657,49.497
0.18072810519491928,23.827354316116104,0.6281341201116345,5.0,44.775
0.18787580845724242,28.2368715508422,0.6592095516302067,3.723291055456751,44.279
0.1492571342566969,5.083175875947548,0.7463383598855623,5.0,49.294
0.1,16.600975179433316,0.6457712472745953,5.0,47.889
0.22296381735178197,31.80256134122334,0.36315583995606354,5.0,40.18
0.1648061207226556,13.235751252205105,0.5856801337003898,5.0,46.806
0.1622450286707846,28.18105321723145,0.7343712897564333,5.0,46.527
0.15739482871038107,20.024558292631262,0.8661426638370329,5.0,49.38
0.18442551292950904,11.707177337450569,0.7657198880809127,5.0,48.094
0.12517331658191275,8.951877991755094,0.3936752945691116,5.0,44.682
0.12936314659850723,17.274269999198687,0.7735387554798173,5.0,48.743
0.101438302653957,18.50606103231491,0.6568750588541924,2.405266929207964,45.97
0.21868770341872198,12.60726886492088,0.7378940891529864,3.097117360274185,46.746
0.19888307188521173,22.59893800431218,0.520908869838998,5.0,43.136
0.23615105478444887,12.180368329116416,0.7466896387694915,5.0,47.317
0.2181672711718701,33.694725865367246,0.37070837060335604,5.0,39.549
0.1693638043790905,10.914745945625313,0.698387686032659,5.0,47.953
0.15532372711931935,25.351629487114696,0.6704460874810998,3.037607413753879,45.928
0.1736992248885584,26.661696653901195,0.7139042685602994,5.0,45.947
0.10100825635292231,20.796187056807078,0.5451151041809461,3.3809936010081287,45.824
0.11561104425730298,0.0,0.97812443393215,4.245509945361526,54.154
0.17919977414387975,15.292442113042082,0.6446766688791029,5.0,46.789
0.20387279969020866,25.417968254104423,0.4160026917365092,3.4782878409111673,42.209
0.149243806094057,15.602069406107745,0.5562449197083336,5.0,44.941
0.18278909455436565,10.651840606388571,0.56714540276601,5.0,46.725
0.2049981860008109,21.680920170014762,0.7771213182384243,5.0,46.195
0.23879037597603428,34.30165864333419,0.3390352409427196,5.0,38.968
0.15192748949550422,11.640189700010175,0.7431894142227328,4.243374132229142,46.867
0.1878970753971375,24.561654355271394,0.723693600034549,5.0,45.873
0.13550716680285993,11.429583866935737,0.5367391796697758,5.0,47.344
0.13390014554661253,16.055719963415324,0.7796767072617126,3.998034547725621,48.803
0.18426869149797956,21.599756487497565,0.5715354693471587,2.507072426051059,44.168
0.19856257584863182,36.95839032858512,0.31935481737163285,5.0,38.986
0.20931243125563687,15.91098275708594,0.6671946209216415,5.0,45.426
0.15294324780036783,16.044232763837577,0.6809238736116383,5.0,47.204
0.1873522376058724,9.187784629287199,0.6584265250006763,5.0,47.74
0.14004212174454345,2.6472073976666692,0.678190473784984,5.0,49.317
0.19747847064394827,22.96130998578236,0.8079077014813092,5.0,46.722
0.17342111150269138,21.03664577846898,0.7227013829054317,5.0,46.661
0.24752618590300104,36.30398781287573,0.3856458078545463,5.0,39.664
0.1399910511146748,16.913270729200935,0.8679375828304501,5.0,49.766
0.1463464047388921,11.105377259078363,0.7035992278416201,5.0,48.82
0.17450460935130924,20.69456178407375,0.7986902242299033,5.0,48.401
0.15262009652483433,21.138645666635565,0.519284607795172,5.0,43.153
0.13925621154134155,9.615235521352872,0.712725837057875,5.0,49.175
0.17295296650857553,22.365573705776683,0.5811557047790378,4.193167522180511,44.581
0.18870112210730622,21.443055230141066,0.6266280947929901,5.0,45.586
0.2624913144264789,28.73548964859856,0.3895383965496389,5.0,39.864
0.18734540182171988,20.23251948768735,0.6653620147240239,5.0,47.152
0.13592421941213384,14.830476041053982,0.6969513533366775,2.2567686116576304,48.426
0.2008649237338125,23.454140020104806,0.6043402339498597,1.1753085101996834,42.42
0.1746560678588439,13.962750458694693,0.66730113011832,3.6456329033925146,46.453
0.1505248726627846,15.019710938048483,0.811810157834521,5.0,49.79
0.204424507000068,13.422293752030804,0.8346130496236785,5.0,48.449
0.25871067803864,27.434963320315923,0.4867747650669566,4.35089247073841,41.227
0.15647524244532598,18.095468927100363,0.8167423662783652,5.0,48.512
0.1391277280353463,3.4147331293274465,0.9019858951228555,5.0,51.753
0.15310034348518403,9.632479546906989,0.777110656357768,0.6058316032385209,46.819
0.14345457162885916,3.172223381218565,0.6821910105777953,3.8694458544647508,48.443
0.16959513915185878,17.486642953399453,0.6403306949818872,5.0,46.024
0.10092065348228267,14.07396331240362,1.0,5.0,53.325
0.1335795228911481,11.576415806085176,0.6082242057148841,4.329511506366829,46.354
0.20452875353568906,14.413164776546205,0.7081785094822679,5.0,46.128
0.17028217295548181,13.595864821885478,0.6808923951213492,5.0,47.442
0.16343994918072732,3.461512716580973,0.6346497499952994,5.0,47.453
0.17059423566214607,9.334157336784614,0.9260220234874601,3.1739322648489185,50.569
0.15441654924752193,27.95526691220782,0.8159658408916914,1.8288954045202073,46.389
0.1913764164566642,18.69418291690645,0.45309287243265406,5.0,43.137
0.19192967752172194,14.380401234634894,0.8079050783391372,3.630592452116364,49.344
0.25205109736236886,24.47748570535921,0.5609345613358623,5.0,43.131
0.18797320408298743,24.229335352193093,0.5925152152420528,5.0,43.666
0.12993665398580398,27.142201436028152,0.8916946873790556,5.0,48.819
0.2299617885283727,31.998211695542924,0.44170336579864766,5.0,40.802
0.1976577039408468,15.940942137396258,0.67691302534832,3.54593818106457,45.653
0.1917609266084855,3.556402997784744,0.6884301263878276,5.0,47.85
0.12522846961431738,8.56946817203226,0.633068379765388,5.0,48.137
0.18478096038817957,21.96987215425304,0.7727104634059317,5.0,47.344
0.2744646128893709,23.835931091410444,0.7075543322498347,5.0,44.29
0.17154213379653455,12.174077631445437,0.7607734280565015,2.8169121850155734,48.597
0.1433580055218936,14.378860516874802,0.7545383733126958,5.0,48.763
0.304192054833967,32.78863364274601,0.32317561701053754,5.0,38.531
0.19370531452694334,18.524247721652063,0.9989853030503464,5.0,49.819
0.18291302914033994,21.897703161216633,0.48942301647568887,5.0,43.684
0.19709959895637522,22.563796777970296,0.5928863003670698,3.340362397607177,44.997
0.20628054126535322,13.724471495863206,0.8227657195482023,5.0,48.916
0.13044356643941107,17.587902615135228,0.7684629673808422,3.167621164416429,48.914
0.20659051680050566,17.217058340314114,0.8690987158060828,5.0,48.891
0.21487285186927946,14.124377171565637,0.8096923551259904,0.7336326235703403,47.396
0.1429110004375257,10.497897524258603,1.0,3.4524316187784057,52.67
0.12715628438944443,18.009381527055957,0.553064159012974,5.0,45.585
0.15198455497618754,8.798168319310932,0.5754586395986641,5.0,46.825
0.11267125066212123,25.78917027852727,1.0,5.0,51.774
0.15678711985726798,19.414219145881138,0.5639332863451828,5.0,45.24
0.14494958427852156,12.336452087299756,0.8357425152633442,1.8237570139888049,50.173
0.2272865055097593,29.336394992968383,0.4701931375641094,5.0,42.045
0.22276052710133196,19.921369429213442,0.8113413380744103,5.0,46.971
0.21870688779894032,23.93872564185842,0.6984626766816862,0.5867204380484279,43.716
0.1596967472021282,27.47634117894618,0.7721791546087285,5.0,46.341
0.171907665359775,29.481621998333388,0.4302769292547588,5.0,42.367
0.15659650754971005,15.512888906484694,0.7274975167733627,4.682788264251863,48.396
0.22391779117004595,15.211987460858147,0.6189282945538324,5.0,45.46
0.1443578897676457,15.209123152722647,0.9636322557019265,5.0,51.459
0.17525088705858205,12.848679593343318,0.6583830463468234,5.0,47.169
0.15618487652353025,18.942833142375996,0.7120909177288076,5.0,46.588
0.2333599822081747,21.925450777590594,0.6008694572717128,5.0,44.243
0.14967634837671265,14.507993072400293,0.7628217076314269,5.0,49.057
0.19815791444666198,12.237543443921314,0.6015871149803451,5.0,45.826
0.16353406088171993,36.51876888072164,0.46721991283474673,5.0,41.447
0.19116069925560167,13.111281866682209,1.0,3.0584378428701307,51.7
0.23656639393640472,11.175416926125628,0.6860992912840349,5.0,46.876
0.2223486919350187,26.602368039771996,0.7419063648042847,2.868191562794689,45.366
0.2098460555509135,9.110655568652442,0.5715721058624772,5.0,46.302
0.1852113028753856,21.74515870749561,0.5708200266383139,5.0,45.624
0.12370243004972746,15.027351190099274,0.6911886284699623,5.0,47.487
0.18608494989856297,21.075975602037346,0.6887640071498471,5.0,46.109
0.1,6.612261287235302,0.8547576622451554,4.431278383050488,52.113
0.18202891682549008,18.128434765065435,0.7141726586380979,5.0,47.169
0.20132324550279057,19.450823134104603,0.46166700257158677,5.0,42.899
0.1032137476209162,23.407182337207907,0.6955781725428715,5.0,46.904
0.19521668932188008,25.648045119464577,0.44398161448883144,5.0,42.448
0.19080686184841492,26.92496121254342,0.8126373521524268,3.775693811312656,47.586
0.22069188882400875,37.78954460854942,0.5106227848006506,5.0,40.717
0.162446789335827,7.371237701743846,0.683232319085165,5.0,48.775
0.1726446020636907,21.44054032579377,0.6115379589751231,5.0,45.383
0.1276204752476419,8.615492607250003,1.0,3.6424293559824403,53.027
0.20005276657443033,8.508152014485026,0.6384917374364778,2.4914294888959114,47.269
0.15442900451986524,26.687544484912614,0.66515503407212,5.0,45.28
0.25828240838182304,31.471441985594765,0.47072675441224465,5.0,41.029
0.16615201642118946,14.572114106650425,0.6072718557505588,5.0,46.582
0.13698090437860505,20.00663280944072,0.6030159507108849,5.0,46.375
0.2062648096923258,17.062356760227964,0.6387468283715046,5.0,46.659
0.18616932459849986,17.62822925274494,0.8013736390576675,5.0,48.495
0.13907873455210773,17.76272942513428,0.6323633817089784,5.0,46.735
0.1363252156652876,13.419164119990741,0.8164597873650487,2.365280938864397,49.079
0.1447243537170996,20.363369295783333,0.8353314438652478,5.0,49.16
0.18252945607723126,10.283124717751932,0.9113968268012086,3.139764861417132,50.234
0.2051077783543463,22.30904686491351,0.5156693911666831,5.0,43.958
0.1862558261058869,18.302551517910338,0.76574340793352,5.0,47.556
0.20870155421983239,24.34966949744031,0.650408497893721,3.3697255786756934,44.051
0.1676786411781539,21.253195849255917,0.7938002077383037,1.5204049314853527,47.356
0.18677558580020018,17.08800930924236,0.6064779984406378,5.0,45.208
0.16006631251080522,29.03640902185262,0.7119976210943572,5.0,45.935
0.1589636500492019,15.398131801172246,0.5795330645868351,4.175973652405806,45.134
0.14597366485921864,0.0,0.794804039323602,4.4793908763612595,50.104
0.1,15.917159051964978,0.6245507187769559,0.6369941841801663,44.602
0.22900873850509734,28.412059420846088,0.38991205590036665,5.0,40.491
0.17999754736064852,12.421149862142482,0.5935410434878727,3.471888053941288,45.467
0.1944330812956506,35.29797392280781,0.5226021099817173,1.8374776660971137,40.743
0.19351506168907381,20.284072812780177,0.7724468677425801,5.0,47.665
0.2500881593764909,26.791583988166625,0.4528137704947538,5.0,41.127
0.1299360010655076,11.131205885888276,1.0,4.127587148363919,52.686
0.18214995987556332,17.72677586818504,0.5690021400367271,5.0,45.061
0.1721379620054179,5.20786064305347,1.0,4.2392035550706675,52.228
0.23418536532335368,26.511046593528143,0.5543429251224611,2.256018158712003,42.564
0.13503251554276444,25.660290599898367,0.8529212470327835,3.837704221995158,48.47
0.1343837928992702,20.880382271110236,0.7171614433987745,4.051892873417884,47.723
0.13468208820652613,6.838238130841258,0.7048680945190707,5.0,49.854
0.20931692035669025,28.275000351053805,0.5583129158146857,5.0,42.857
0.15239814797792772,16.635554152345932,0.5620358560076313,5.0,45.455
0.1820612403751308,22.839266523879466,0.7645023253230019,5.0,46.688
0.12980991275929243,19.803333676860255,0.8442136673959556,5.0,49.422
0.16584616699020388,23.54675575219651,0.8083006409788368,4.143608640379934,47.402
0.13067690407494462,23.732150517961916,0.7745894244061257,3.334939976064482,48.37
0.1698796514065061,19.87707941597723,0.6909699702519633,3.4032882182099575,46.588
0.17950836502494125,22.832467367144503,0.791366557285178,4.776662399507371,47.787
0.23762032898897828,24.835812702741094,0.5360515873578412,2.400763176031189,42.878
0.144878120846227,10.103387700793533,0.6536927942505887,5.0,47.886
0.15209852324922965,13.077242591763795,0.7380207142719275,3.3804815687776824,48.664
0.16796249898043608,17.691112432737473,0.6377589913272813,3.423204584991387,46.24
0.24989504548718916,18.988082286287085,0.5656550018736876,5.0,43.727
0.20220446922650592,28.811001707360717,0.66519201798132,5.0,44.885
0.175686687712991,29.850324998026977,0.5659596817587219,5.0,43.381
0.1,3.708153889572749,0.8641768416648067,4.995111880292337,52.357
0.20407642901355236,27.180827511434163,0.48674500596816883,5.0,42.896
0.15090540489746448,4.96609891698149,0.6605548952834712,5.0,48.388
0.18379121285044203,0.0,0.7860326836919077,1.8517787056656787,49.227
0.27355239376169904,12.11525116156757,0.5883432334210444,5.0,45.348
0.16641555576929062,13.4721898624634,0.8514544254002557,3.637642554563032,50.244
0.17820544509482186,22.580005803051222,0.7388081311912189,2.2156496399429906,45.994
0.22165820123012706,21.22065336876674,0.605165156765722,5.0,43.665
0.2406326664217191,21.583689800570124,0.6337130214909531,4.172016528110901,44.644
0.22013683587563634,15.823952852967656,0.830919325322656,5.0,48.598
0.1991257903079781,21.00413441731499,0.6589917229099665,5.0,46.631
0.15434450971601732,14.068975517773854,0.857086763281216,0.2827465918371563,46.966
0.17803628353371131,19.0821484950743,0.7573753553825873,4.034764157217023,48.012
0.1821771120656015,23.05928221523817,0.6611916167313479,4.382510972169607,45.654
0.18693111889277864,14.890940456681992,0.7944335873349639,5.0,47.918
0.19542553614017047,23.78502742528139,0.7555504640233218,5.0,47.04
0.1599064551439086,10.2146401707762,0.5405502161748905,5.0,45.854
0.14638621172963054,25.26539225498918,0.8152135222516756,3.6564620695223353,48.043
0.1367385034212879,11.293265940369547,0.7170024054097248,3.14920304242978,48.954
0.10397604217522081,17.650429516611826,0.8299707692228615,5.0,49.1
0.18930348348942067,21.749768663087448,0.5561539540281669,3.1698661109219213,44.22
0.16514311270329246,21.017842563031362,0.6719045913107998,3.9115016182085838,45.626
0.16210719241915217,19.422434595975275,0.8118885321037876,3.665103695204519,48.911
0.29064980669087565,34.91325668331649,0.3180520565411967,5.0,37.91
0.15753193845488142,12.987866982800274,0.8967473576284964,3.9601386405798404,49.595
0.2549996927858354,29.112604541102133,0.23358763858404158,5.0,39.227
0.13529801481369402,13.818883337562216,0.6172334347877084,4.483333474350751,46.962
0.18920846295510357,23.736892177031663,0.7189319120552994,5.0,46.144
0.2081600168642756,7.616937351676286,0.746547968200598,3.9553389952718088,47.903
0.17366973485407586,11.691869870890281,0.5770853010879744,5.0,45.803
0.14488882596784713,17.807321994357096,0.71066608550202,3.820123686539274,47.257
0.17428864370287842,28.89759350940496,0.6589861465609868,5.0,44.611
0.1549774925654834,16.72877658804306,0.9087788230189214,5.0,50.326
0.13439830637827213,30.56533142911849,0.7045197255359057,4.030158338996726,45.094
0.1887564146978822,10.255594346844763,0.650393473735924,4.333908106813338,47.782
0.10024789777357576,13.11902822648269,1.0,3.574572726385785,53.647
0.2587354833621148,29.534247864870878,0.3703348673207262,5.0,40.444
0.103502085503592,7.415459497721949,0.8831540307830601,3.5013612828431486,51.126
0.16078222905228237,28.267458279481033,0.6561715665496716,2.551537060636382,45.048
0.12267032850261042,16.22152365413255,1.0,3.3608271137099206,51.587
0.2150242397173224,6.601917507993907,0.675455338923467,3.658213786332324,47.714
0.19590979057275454,24.62744536721128,0.7288750741863973,5.0,45.588
0.20645098121039338,17.091599818131193,0.5107996318097747,5.0,44.06
0.1324832564782728,7.16473202552389,0.9882002081321213,0.418493671139485,50.513
0.2217046370240409,18.034291263087525,0.7056675065389891,3.415385657360928,45.675
0.1767023266276216,25.626582840359113,0.5330417527572036,5.0,44.057
0.1484074677910864,6.501380153193801,0.8092205580378387,5.0,50.11
0.21006660889117218,7.546082393451268,0.7646052560066658,3.6079272115399847,48.027
0.1842314322136658,29.430099886706216,0.4031358272114658,5.0,41.913
0.1,20.01633909156568,0.8400520271938532,0.13061031116256272,44.218
0.14208539319335184,16.240570695890412,0.7783936978016238,2.56808987018943,47.829
0.1624557872642788,11.382963555498314,0.8569685875614727,4.188609683942719,50.267
0.23833462065692035,42.2264898914583,0.2950623533411231,5.0,38.347
0.15889233471391723,13.271069123166521,0.6374055557699824,3.773370961078519,46.738
0.17778631079244622,14.918149707280886,0.8555461635920275,5.0,49.51
0.16844737401906554,12.089845943435941,0.6134325617118207,5.0,46.833
0.2004610691513614,23.69170228565354,0.5974815762473764,5.0,44.426
0.17858544681573013,16.744009661223423,0.5085018072005858,3.553101131327856,44.731
0.21248683312222624,19.896021234047144,0.6053133232206865,5.0,44.659
0.17398497464651774,9.881819752655435,0.8403468924281735,5.0,50.308
0.15543895837837698,15.320205680180923,0.7175304368872654,5.0,48.961
0.1519308016017893,6.562193294799519,0.6546808915839016,5.0,48.75
0.12512361123777715,15.8960967350404,0.7913266988081985,5.0,48.915
0.2462027644035542,30.88823378510208,0.220080230944534,5.0,39.083
0.1,7.4602723933821125,0.8071452412560645,5.0,50.821
0.18867980210445548,17.682751665220145,0.7101238598785815,5.0,46.846
0.11300627508660968,12.533589766219091,0.7967989696162157,4.103321643769933,50.235
0.1693909028671266,6.343361298125924,0.9250806769443868,4.214149419231796,52.506
0.15407884416016784,14.7690683975191,0.8561078265153135,5.0,49.166
0.16163201593786453,18.02637350825476,0.5856666571347873,5.0,44.596
0.18826570137529663,28.01997001442559,0.6275183056597006,5.0,45.135
0.13895778238845885,6.627390222290016,0.9081904484775982,5.0,51.828
0.17837695123241623,13.78751716497403,0.7360540165242769,5.0,47.309
0.1488323114911278,24.09611185017734,0.5996185461444652,5.0,45.875
0.11349295113942277,7.536332336257051,0.7869825938079369,3.8197869400042945,50.045
0.1,29.257225295764194,0.5876103691702907,4.2971392163129405,45.748
0.26033013923530884,43.169376821588074,0.18902642862840446,5.0,35.594
0.17931678174567195,17.503962403053748,0.38186305063178727,5.0,42.563
0.15677397301966575,7.622006437072516,0.7832021557826352,5.0,49.248
0.29590976002846686,26.92952550542403,0.3398187972837264,5.0,38.961
0.11487363738179107,13.834360580364415,0.6743111359512025,5.0,47.959
0.19640289883013817,12.116845823465523,0.7760759509988047,3.494572873200286,48.585
0.21582548939484048,38.782743947509886,0.4091788421594187,5.0,39.567
0.1483753408826991,7.53763835390688,0.6911373116207223,5.0,48.849
0.1297142508884396,9.883623105827327,1.0,4.083627662764649,52.909
0.1784518232283151,20.643855532456826,0.684313752908283,1.6688198103551874,46.916
0.1787823273152873,22.746160112570088,0.6722432613950216,5.0,46.702
0.1,21.400770354533112,0.7305423676968807,3.6197387427557497,46.908
0.1655994621686424,11.969396815056527,0.6871770009901631,5.0,47.218
0.158322303426781,17.65229543777263,0.700250786154009,5.0,47.348
0.17263692761061158,15.120404318013893,0.7432969246567731,3.839914194513953,47.962
0.19761053590352706,18.721244657771486,0.8477009992121542,3.128025003837163,48.26
0.15203332770079128,10.550913072418673,0.8354117302663977,4.762901846093367,50.56
0.12959799131427643,9.372223706761776,0.8886503068471274,5.0,52.086
0.15573681945667145,8.311626744208361,0.6505342029950778,4.345598686187285,47.888
0.18210148160752143,27.848113816698373,0.5569757467879428,5.0,43.842
0.24354161596217752,19.285972200611816,0.5951032043761262,5.0,44.921
0.1731477166864771,17.02240012398414,0.8545882237247978,5.0,48.793
0.11750860085421777,14.536388943167385,0.8155794275978439,1.9768613225826923,50.209
0.19278224359269128,9.035236597543967,0.7970422896709907,5.0,48.888
0.2276401989870239,22.179768783425107,0.32705948519357775,5.0,41.094
0.18924721863749425,26.033050969621048,0.7239269325212303,2.3796555253297864,45.495
0.20775088904134054,13.839886519152905,0.6412535876391788,1.9849465147389591,45.927
0.15623655344329354,11.644113122294005,0.6211872795407427,5.0,46.378
0.2490327008215578,29.95184868075529,0.7612125519616098,1.2740167273270342,43.753
0.1364582012367046,16.100380796809073,0.6908081010808979,0.7244283838898886,45.813
0.1719675158909891,11.053913230773581,0.8907683193671754,4.56665015578907,50.201
0.17151001839216,21.276009112920605,0.5854367034793696,5.0,45.989
0.24268380701096964,33.1465034846392,0.4174684012099255,5.0,39.721
0.20851212888718587,15.375634539391827,0.6800206409783126,3.4929759557950577,46.626
0.20458872403315495,17.08803769826725,0.8795006187587778,5.0,48.591
0.15668855279357521,16.336576875552726,0.6443096680203279,5.0,46.491
0.17295124543951335,23.492273383591098,0.5934127318444997,5.0,44.132
0.11704746366372987,5.494639503926516,0.7096145292567434,2.5346089907601543,49.055
0.14187364414504103,13.592353245829214,0.7410428810840691,5.0,48.233
0.2719359289246894,26.410594547871376,0.4149672214109557,5.0,40.596
0.15106971139615163,0.0,0.8320730463728386,5.0,51.704
0.22570103076663767,22.151122974826272,0.5569640954411499,5.0,43.863
0.18659118872385913,13.345209128291142,0.8488668560969748,5.0,49.602
0.10475421979459337,1.2248482356703398,0.6228807378654543,2.984745212338942,49.75
0.1965958327518608,26.064132171502994,0.6230426020568338,2.964583597414922,43.9
0.19463547322905703,21.21000365322044,0.6136307795198886,5.0,45.445
0.10979250811474534,2.680707170100824,0.9431426201460466,0.953767921366756,53.041
0.1812900242306972,13.569935545350434,0.5943423086555508,5.0,46.075
0.19234366733567412,19.933057042013377,0.5690622067542672,5.0,45.147
0.2078246307817181,24.345622646488472,0.518491389860547,5.0,43.342
0.1833417640184283,25.527733137261098,0.7709939286932441,5.0,46.8
0.22355952737014528,31.449796216936676,0.6631941087307752,1.6013271729939573,43.349
0.15026347335773854,10.274891392804873,0.7868806595948941,0.667442250013488,47.663
0.175402383180804,12.843327141687313,0.6186796680138448,5.0,47.317
0.2467720931915232,21.14600955271374,0.5420927531854443,1.851723427109831,43.438
0.19300746034165983,12.378497539306071,0.7220928405145348,5.0,48.129
0.15860330733011327,10.938483453026715,0.9055034005797757,5.0,50.545
0.12301742452644224,13.319596578610211,0.7577753720132179,3.433440094867242,49.703
0.1613558398443466,23.58796958053275,0.8423598934349834,3.6508096283165354,48.38
0.10821698838066612,16.207047262139696,0.9031268287059027,5.0,51.192
0.25336949584505053,25.03760521125545,0.6183870224991078,3.0255436696401765,43.578
0.19233104266442322,28.147078509398007,0.6126560586844242,3.6039576092662156,43.617
0.17780433306457893,7.8180954350017915,0.6285628691561723,5.0,47.529
0.1301479775459734,19.905977402441966,0.7487938204133778,4.751422519606458,47.507
0.26678785538361455,39.623854063416246,0.341499797304845,5.0,37.592
0.14693086157049068,18.097335655927193,0.7172844829193619,3.6324501005609124,47.244
0.18799475989862294,26.36240270172377,0.62100653708394,5.0,45.453
0.2615699248090736,32.09606225136099,0.4402465893905032,5.0,40.618
0.19083878827057013,27.17328149644891,0.3716272162316576,5.0,41.851
0.18043119525169987,25.478614301392884,0.47378336469610555,1.3287304872557457,41.417
0.2192073231104199,35.0335258483496,0.32726482714333793,5.0,39.869
0.18520013297499496,33.489727845738656,0.7421252818892086,3.214168127883979,44.83
0.16326240962175895,20.15945543386172,0.6120356440020623,5.0,45.768
0.16017366511267006,32.18308390717744,0.7441833872336352,2.725850361231319,46.115
0.1209732532065429,12.31006147521529,0.7819802249246185,5.0,49.504
0.13605718032918157,14.13038088502294,0.9391297202236382,3.028151594814095,51.613
0.20617494145269322,20.30724674547819,0.7536124241300233,3.8986377548849696,47.923
0.13021268372106154,1.789756682429843,0.5868201910096208,4.483180912896585,47.899
0.16434431470108968,4.586608517931581,0.8886824064891604,5.0,51.896
0.16887549369549354,24.59896724101742,0.7805836118660912,5.0,46.742
0.16172772455501716,23.143590929339794,0.7345649071669946,3.913661868427265,47.182
0.18437080220863605,32.16841292878304,0.709725224043721,5.0,44.763
0.1491050560248527,20.723035478289567,0.5691057505295757,5.0,45.795
0.20175380434145196,18.838105179502513,0.8929209007880737,3.514766149118044,49.765
0.22341082592110517,13.555900403948403,0.8024776464411058,5.0,48.516
0.1657989227096296,27.575934629596738,0.47005491135293054,5.0,42.716
0.1904834291043066,9.61657855151913,0.8426171032834118,1.554852444714764,49.198
0.16744690123600897,15.609026169465094,0.7186351254372544,4.346512404457987,47.954
0.3050582178822427,38.12807621461386,0.32439358453423783,5.0,37.15
0.18251196488017457,13.703066169696577,0.6956848076355547,5.0,47.254
0.15065002811088854,12.692523307613895,0.825006634881961,1.3053484286275392,48.664
0.15241963062540148,3.661067813123635,0.9760362006562224,3.974605430904237,52.999
0.1500260385494835,11.211017662056777,0.5503322967367138,2.2149986077500126,45.405
0.217145996593223,36.07188141117959,0.6707887119823239,5.0,43.292
0.19034159560420305,14.875123844652625,0.7257879777000243,5.0,48.35
0.19826088033853614,14.709261125202406,0.7847984769027532,5.0,47.974
0.20590755021624257,17.67505191562889,0.7768591808964638,5.0,47.592
0.1592262800420815,24.462142531635994,0.9856769604247373,5.0,50.8
0.18718619802715647,23.652645563347985,0.6293485934370296,4.16929313880815,44.408
0.18654154019769875,15.294313082684306,0.6845672014004984,5.0,47.05
0.24374026859492517,20.18071077528907,0.6547188903516016,4.230185585748141,44.3
0.17774585080808872,27.084568005296184,0.8435580107317466,5.0,46.74
0.17779751225644705,12.935467863954692,0.7281261393200815,4.162514690182279,48.757
0.174056024763047,8.710159994913345,0.7942576826175038,2.3563493659868966,47.425
0.25873473553205645,21.852062656157205,0.40348589411096997,5.0,40.433
0.13216078713123702,2.7296863292637017,0.8569722459369523,5.0,52.063
0.1003673252854631,11.61748300149993,0.9169135132370401,0.41614093618002146,49.165
0.1489833008845275,14.764665562136543,0.6816737577367945,5.0,47.926
0.2903553358077658,36.843824494281314,0.3505302447418249,5.0,38.542
0.2117681231765464,16.232633811530974,0.7538844640672857,5.0,47.862
0.14308556808541079,11.786480311212182,0.8301841868320773,5.0,50.269
0.16632466702009222,3.5031912107045944,0.941626004644926,5.0,52.039
0.21395559417828944,24.995743692115433,0.6825770578639341,5.0,45.561
0.14634156836948767,21.56780197058444,0.6746506896580127,5.0,46.63
0.11702110595341654,26.03464274792786,0.6326445388914289,1.5753326919572908,44.652
0.114095970508588,15.419668545274465,0.8154994283069599,5.0,49.834
0.20866142872422846,16.45179140308545,0.41535273027845854,0.8997627239719319,41.871
0.24024020149630945,31.789226821821156,0.4096598216967577,5.0,40.626
0.1298943027725859,4.019238973919233,0.8342206081920119,5.0,51.34
0.18648493495276014,16.717296105216736,0.6282399009699725,4.878658120237654,45.718
0.12712505473687138,7.7403089876202085,0.8676567741449183,0.9160994919972401,50.644
0.22246125746529719,14.177540250880307,0.6862799850995008,2.6630506008582135,46.839
0.1545846079408219,15.582963907697737,0.6724863741921452,3.3850777179022913,46.64
0.24399519802465203,28.286074595670524,0.3594987153809212,5.0,40.888
0.21911701097733693,17.27714012913544,0.7205478951564186,5.0,46.422
0.16369623365869407,23.71077397043237,0.6757821200861309,5.0,46.948
0.18968826697184668,20.017060579080606,0.6133069001637701,5.0,45.067
0.12893187694509806,14.345163853428204,0.7995855381794558,0.5785975172524531,47.017
0.16494340079320832,7.806982287176414,0.6212334651144001,3.3291379980236284,47.502
0.16148566130863568,18.08307905697325,0.7538543890601648,5.0,47.363
0.16710170842698496,9.180717632281592,0.7393055593827863,5.0,47.72
0.22150886784533622,21.76111620701775,0.5614935163462385,5.0,44.744
0.17381157380033696,6.247520184709,0.7172106955933748,1.634895737090519,48.495
0.21750505779826226,16.918229924686955,0.6710421964819044,5.0,45.829
0.19873873798939948,20.56692012095172,0.5742393345887115,5.0,44.286
0.11151016487028281,12.239462715784132,0.6188167130171681,5.0,47.08
0.23725041370208916,32.613215376688835,0.5263313974514812,5.0,40.745
0.15403035183734004,13.591570584961639,0.5313844012368529,5.0,45.689
0.1357519093817892,13.821450143076891,0.7544702643120591,3.0780854736385557,48.209
0.1256499634693808,4.834408045706795,0.8071177988106717,3.8978111448198622,50.461
0.18211051209963178,9.818313915478512,0.735373187190403,5.0,47.525
0.16576054491194886,15.589744822622754,0.6582171682048399,5.0,46.643
0.1684243730574686,23.10666394735268,0.6639781402377647,5.0,45.258
0.1695780804643408,15.004910842477356,0.8807959534038047,5.0,50.015
0.1759583402499016,5.38735206462468,0.9077014258805278,5.0,51.776
0.1761591966870392,25.51860943885758,0.5726278107327023,5.0,44.464
0.14023432349397674,7.613329687549241,0.7999490893640295,5.0,50.943
0.25922620302993654,36.51488584939618,0.40391719150012456,5.0,38.789
0.16831579715787148,4.236350943262407,0.7854166513786448,3.898121534162773,49.332
0.1647665378117128,19.75495802091373,0.8792506815895329,3.542630309443674,48.934
0.19184201764694475,31.922121600450566,0.4616628066129219,1.1894975014913847,41.163
0.1494614475188128,23.640691337945768,0.48366834699870054,5.0,44.03
0.10405437959913486,0.0,0.7749997654385083,2.782261798230857,50.703
0.17824551197754276,34.10930344347944,0.27420317447186215,5.0,39.805
0.1960146355861517,11.253377888643595,0.7005187209209999,2.430037540045105,46.511
0.122867527734,10.670965047750478,0.7197374577785993,4.341819976799937,48.633
0.2040760823136128,26.11586235748892,0.7635663032553318,2.7565083582571432,45.603
0.1259335621188308,15.040367106286155,0.859563383824764,3.6885011611110783,50.101
0.17404705086869157,23.67844879687938,0.6559757309888081,5.0,45.04
0.1706490498743933,13.473368971757067,0.9392558663643156,3.6195507012008434,50.68
0.10210587913787175,18.19759904394629,0.7518527030626152,5.0,49.119
0.1,8.980117812355733,0.9124709388781458,5.0,52.243
0.1078485950877576,19.78951282143531,0.7319886851535122,2.0197736853435098,47.21
0.1803891101467087,18.380662639042974,0.7773504209888962,4.550062622225325,48.294
0.15818661803771736,24.715796112877303,0.42283205084638736,5.0,42.881
0.17329236082395014,19.89614636953967,0.5960442838834433,5.0,45.268
0.1552484596420925,16.175478076421896,0.7383745968318414,5.0,47.977
0.18819640261930956,26.70908014706196,0.8361777910666741,5.0,47.165
0.18635448217068507,20.422988109126525,0.6672253344836108,5.0,46.5
0.14364407744018337,3.2438292049038537,0.8512658217429422,3.966996373100982,50.819
0.22181357544145122,10.970081543230506,0.6058869013526461,5.0,45.03
0.17830400223537315,19.564461215717415,0.7462794007023826,3.851401287623692,47.452
0.13815415026146083,0.0,0.7470042887909368,5.0,50.599
0.16992824965567863,1.6433349907490467,0.943331791155201,4.51438415722939,52.077
0.20233768748244746,18.77701379799535,0.8140249494016324,2.938002064282237,47.684
0.22134284097881335,22.100956941415784,0.7219649869178482,3.9253647326367904,45.625
0.1983350192461829,10.70159373767443,0.7024455760715083,2.2041108274278383,47.224
0.1587678285927017,13.605240204224698,0.8430025062430851,1.3982261528633644,49.723
0.125382181593353,20.449886090178044,0.603773510192566,5.0,45.878
0.23010826592758482,42.375306961318365,0.38423683973775064,5.0,38.281
0.21787491178761698,22.00869170285121,0.6989806784056803,5.0,45.263
0.14122904251492452,24.61848547906647,0.7309018063742234,3.517573875688454,46.909
0.16636720543235586,14.867276334901678,0.8402078870964763,4.016248930338679,49.848
0.2054378322998883,39.21777970467863,0.3954401205348484,5.0,39.365
0.18178534018180698,17.566299925220882,0.5321905600313306,3.909974901828285,44.698
0.18561587548787659,20.887834763682477,0.7582997897544838,5.0,47.063
0.1851571730751126,20.43424482159044,0.6945591501839912,5.0,45.925
0.16426623735071624,27.996230088989627,0.38909257840144557,5.0,42.712
0.174955569417911,6.103153265737268,0.840744981994584,5.0,50.228
0.20324717140261941,25.99594147344195,0.5563250856465799,5.0,43.897
0.18234153038289577,23.229789964917817,0.6401829825624322,2.959780991236943,45.45
0.11358168656359155,9.453771855288775,0.7011888260908116,4.732519221169422,49.53
0.1781964098914948,16.181239648268416,0.5477688572211418,5.0,45.801
0.10286334716593853,0.0,0.8054167374133017,3.977442754670234,50.891
0.17002651820777126,17.153403073864414,0.6639613601910221,4.807535417916938,47.203
0.214767380158191,33.377339699862624,0.560678642548622,2.2417128335949688,41.789
0.22208879360967534,21.55796652258501,0.5010490590423736,5.0,43.525
0.17443124394432036,17.088190767420787,0.5341611880696885,5.0,44.829
0.16902800373225543,10.365611266294625,0.774766758847574,3.3931198675325334,49.369
0.13410367161043107,21.928205176905763,0.6011805683482683,4.564542760135683,45.53
0.15268683458484011,7.234145652419329,0.8584646069615949,5.0,51.426
0.180968746935012,16.509377853670937,0.7047273603244939,4.633281818543823,46.497
0.21851326612631655,32.501283810988774,0.7386918727647208,1.5343882908104787,42.408
0.17001365547896896,14.160976164906995,0.9901400267947174,5.0,51.449
0.1015744563795091,15.050294957832143,0.7585677094315053,5.0,49.506
0.15137827761551093,18.157582100852956,0.9236783205869156,2.404053363345941,49.978
0.1361462071568152,9.537954993982739,0.7991076364849231,5.0,49.847
0.20655114726167836,23.58634146511542,0.8342987148946293,5.0,47.632
0.10065841441004163,18.275386506919844,0.5076346505669648,5.0,45.526
0.2259247595496216,11.475974045081239,0.7613136241574299,5.0,48.249
0.14990667095686375,23.533753346539452,0.6499731511513016,3.661511031316865,46.363
0.15271353359514267,16.3808601290662,0.6654500616495997,2.5436336607411585,47.032
0.12526171916111375,24.552507344768166,0.5857755651810375,3.1507485301898095,44.989
0.12096998623806252,27.922463863409252,0.546639506313513,5.0,44.777
0.15272307729937729,20.31871164828271,0.6150825794311181,5.0,45.595
0.12259928409156778,11.185222232891668,0.6477582164536261,0.32717328160873227,44.786
0.15899812851468234,15.126003418357683,0.7873093742669628,5.0,48.502
0.127917728789923,9.691065066686196,0.8548974506755325,2.6386079022533897,49.591
0.17935245287780405,15.632546744743605,0.8093141964773619,3.9900823523607456,49.232
0.14550099410831152,16.74403929015844,0.5106393152866205,5.0,44.194
0.19571694963399155,15.476176479144579,0.7727905059744228,2.432139451664515,46.904
0.16253350865077157,17.952635275265223,0.6124632003100687,5.0,46.073
0.14433518627037487,27.843782986008637,0.5962215984774384,5.0,44.494
0.20221990797712386,21.737134147569876,0.7827405639901325,2.04509041148415,46.912
0.10264662689498222,10.43165190950102,0.8269358676424053,0.3160290130608475,47.445
0.16721594236474652,6.06051342568067,0.6766010665415347,4.284652558580983,48.139
0.25121596456337525,38.04046749107691,0.48744737154449247,5.0,40.001
0.17543703026033927,30.329847176056234,0.7183698358305188,5.0,46.298
0.22939731405032096,29.73250947687445,0.5449550899310036,5.0,42.177
0.2311391471708301,27.914764016734694,0.5337106524139191,5.0,42.044
0.1275411637732267,11.557699930264729,0.8239109823821682,5.0,50.897
0.1,11.406167010070996,0.8434762169790904,0.5555504110889712,49.609
0.10135894044823347,5.685453112631965,0.7715481078078462,5.0,50.62
0.13554075784797098,18.603778129733563,0.6974062600287506,5.0,47.127
0.17224832359645015,15.43316946419589,0.8768356418415305,5.0,49.316
0.12841423134045443,15.610571450640812,0.8004298612541372,5.0,49.785
0.1557954864641661,16.073776351834045,0.6079361143304476,5.0,46.527
0.22826773040267145,19.307789076041683,0.7567943214853574,4.531679928650762,46.072
0.24609460395948174,21.818430377539585,0.4764749978139103,5.0,42.684
0.14414582153139735,14.167015822661128,0.641231044617272,5.0,47.447
0.22934505570635255,8.066828971707452,0.8013763315181581,5.0,48.343
0.1514014357697568,27.48257102789672,0.6581486564910173,5.0,45.715
0.20732670756764895,28.803851906662995,0.638260726280284,0.5539402927970105,42.223
0.1547614947177913,11.857474120438392,0.6511894330877972,0.49806379056623473,44.645
0.1682348028342908,34.32818448873935,0.6169065662588951,4.114738581626556,43.908
0.14987122398366656,8.253041365130088,0.8230493402286335,5.0,50.351
0.18190276545655146,13.21624129173735,0.8983707050583656,5.0,50.503
0.10232173799717399,6.479305610333952,0.9081406092830588,2.828198637952974,52.536
0.17257764539714784,30.62763790845853,0.7930660153763303,5.0,46.533
0.1851422550579955,16.22661755995265,0.5835091979757634,5.0,45.925
0.13397574805723605,14.677580731703276,0.8379271963223813,1.2625048784283472,48.6
0.1795138635822019,20.51513258066091,0.8405843124436595,5.0,48.18
0.20312255541823065,14.809690071316448,0.4849920504807662,5.0,44.066
0.17894905878790016,22.888620465942523,0.6077225073981504,5.0,45.682
0.1944153027837504,20.389986155504168,0.7495207491501664,5.0,47.996
0.12941348604178946,21.866049819089838,0.6165940421237489,5.0,45.826
0.1761245777698326,11.864341641504904,0.5569667384852026,5.0,45.956
0.22797892638032694,32.40417521787691,0.7770454855488788,2.7294905435977936,45.007
0.14540148771506328,19.26983388529291,0.6912243624808085,5.0,47.24
0.2671616042232321,16.727947160059617,0.40372207713231256,5.0,42.726
0.1,13.078991016343416,0.8468483673434078,5.0,51.525
0.1364140695207966,24.622523748096125,0.8242020958744839,5.0,48.799
0.1624746042221782,27.586603545257134,0.38483144867726304,5.0,41.955
0.187810987901547,12.629665851300436,0.8235884230936436,5.0,48.51
0.1443378818310792,11.613995399499375,0.8546841587522884,5.0,50.825
0.1676218096469714,15.754122918759535,0.7264132885451915,5.0,47.216
0.15530838127692426,23.390362074373062,0.7734629107511034,5.0,47.443
0.12024298893906049,1.9822579387573338,0.8756195851449018,5.0,52.333
0.15595990070105484,19.80938555858348,0.6293919752278552,5.0,45.976
0.12435829888654346,14.465996860969453,0.6589604511711731,5.0,47.566
0.20674537592646397,40.63512838242505,0.4256143633053687,5.0,40.06
0.2097228302847074,32.96109031698396,0.4717042288792711,1.5496523541167093,40.764
0.15878750174750272,18.71271954089699,0.573768947301463,5.0,45.975
0.14510901358439185,7.0084930308728675,0.8310530839666018,3.374070192192474,50.552
0.18824599959171537,14.037513775687444,0.3573310907720486,5.0,43.136
0.11400357081716675,10.663793892379015,0.6984222333967337,0.5600059008516995,46.641
0.2380831193596278,40.9407937081995,0.297574147947008,5.0,38.122
0.14012139871368084,28.91669520277633,0.6985547008245359,2.001697025983824,44.877
0.19017344695146776,10.162737911090643,0.7597531596137793,4.556855274995797,48.456
0.1679221932009481,13.210800949816333,0.633299492631932,5.0,47.183
0.1925434539407557,11.55379868668718,0.6175254450893195,5.0,46.509
0.1962421019235586,21.252441602293736,0.6674815801956796,4.105928330638603,45.465
0.18748360186622856,16.556602374256386,0.7994372972424264,3.6786917729869293,47.705
0.15133718458883746,18.173185131558434,0.6037478134507279,5.0,45.745
0.2183019809576938,9.028473318203748,0.593997554460156,5.0,45.256
0.20766295554316325,12.675459258883023,0.9155014809670117,5.0,49.173
0.18595522605866502,24.293239826163408,0.6118004456399355,2.878368288665161,44.322
0.23121695325317637,14.685913297316095,0.7337875114907236,5.0,46.529
0.17601284000055084,16.334288229926283,0.9283031893571568,4.160424882057761,50.934
0.1816971460282915,13.837474078530622,0.6846506095975328,5.0,48.1
0.15238722286810316,11.307605755968623,0.8841348367196195,3.332993321049176,50.054
0.2136514197627856,16.132863875478087,0.6671810681445215,5.0,45.933
0.18811357449835592,14.557147966076439,0.6338370491390722,5.0,46.342
0.180961031106342,14.558654485015019,0.681667669432912,5.0,46.525
0.16800971766822032,15.100575938436142,0.892912559132341,4.371191757514455,49.924
0.16445552815370226,9.438546048347323,0.7454525200862536,1.9905653817855469,47.395
0.14066773984985945,15.614177799693177,0.529037445264432,5.0,46.147
0.1860711255915385,21.29109829120607,0.7558704849824303,3.0228730373147785,47.877
0.12965806171746685,11.157032940800825,0.8600344070766051,5.0,50.32
0.23500428848534816,24.573533448002628,0.4073966351600009,5.0,40.666
0.21659142171879955,19.35917475979952,0.9026178874770767,3.983195934000984,49.581
0.1551334530557874,16.601903974047193,0.712660398124709,5.0,47.299
0.1,16.721961575683036,0.7553982676826679,5.0,49.238
0.16367829604767464,9.931062330332546,0.9028770248178716,3.8850157986265246,50.181
0.20251007386188807,20.636235901278987,0.506592021073316,5.0,44.231
0.1803746694257689,6.652442063327648,0.7297463592373873,0.0,38.619
0.25188118730258785,29.44515864852749,0.3347614032438731,5.0,40.032
0.2020418141271873,30.71203158532863,0.7149560603000265,5.0,44.989
0.15409203585742104,13.040286023045105,0.7933579473706575,5.0,49.451
0.1655102335268597,16.731113064771037,0.6716053358473016,5.0,45.944
0.1503341850141564,6.887463502154699,0.7989215884481772,5.0,50.017
0.24263919248818935,31.147056904657557,0.5821522774868861,3.2510748432459664,42.371
0.16028214051631004,23.49175544820782,0.8281702087154197,4.774596093931224,49.31
0.13523889173345024,12.865706799439241,0.6823123364439687,2.5342450779460073,47.225
0.138163800251424,21.28128695138122,1.0,5.0,51.472
0.17438972021999452,17.85654242228246,0.6220254361932369,5.0,46.053
0.15998205180906794,21.044373936969112,0.4271384275960093,5.0,43.212
0.15599885736633154,11.451634555900583,0.9305998513856473,3.6985504167614036,52.063
0.11292219933770467,17.044222031924853,0.782168452079659,5.0,48.664
0.1,13.385995226129955,0.7684111475254093,0.0,40.225
0.1745693001747072,22.10225183779275,0.9079177169492785,5.0,47.799
0.1903610987516683,1.6793035627716755,0.8245882514940962,5.0,50.623
0.17256183112978435,29.75199278490738,0.4306863579648792,0.8983617996796053,41.54
0.1741602839886473,22.803887860108656,0.6465956631098677,3.4283996538494783,44.902
0.17804184561158234,29.150082414039638,0.5655967927389752,5.0,44.24
0.20234153943697042,6.499007440560083,0.8979425582323798,3.3842324389546197,50.792
0.1814153492578548,20.20238445791529,0.5362103465648095,5.0,45.322
0.1273117438967008,13.814467048596752,0.7834630733323895,3.2854118682562934,48.349
0.2254271621584939,29.451737087709322,0.4642144189420306,5.0,40.903
0.20167225621343357,15.055633598228523,0.6079699460147711,5.0,45.418
0.17070111862232246,17.89899385523801,0.7701951550155788,5.0,47.904
0.20722198550144635,27.602611911945434,0.35684088647119794,5.0,41.232
0.161835143698549,6.182969606783713,0.8779620897412979,5.0,50.508
0.22070230209977643,37.3992020566769,0.5700079068489753,5.0,41.945
0.22955398343239117,16.135481476000418,0.6809785049936427,5.0,46.607
0.150852907152367,19.677112916324663,0.7991257922682646,2.728206288729139,48.664
0.14084146582996934,18.566041259694316,0.6084631882465052,5.0,47.045
0.18485837168841743,11.26187253697386,0.5445227794342122,5.0,45.696
0.10652956834821314,0.0,0.8341975272209844,5.0,51.596
0.22550212992983854,25.60523077888493,0.452525973503648,5.0,41.807
0.20689132659394113,34.81435122367776,0.4964208355278665,5.0,41.516
0.255379838660969,18.946309543436648,0.7164017123736444,3.947295232203747,45.006
0.15933696420731946,9.896523259912243,0.7682117027486403,2.9520941135786205,48.945
0.26570578636598835,32.5708899184512,0.5105342691528509,5.0,41.842
0.15309232726853142,14.824011699397632,0.7696829016469888,5.0,49.744
0.16639714548521187,20.550624607384616,0.8795666948101329,5.0,49.74
0.14466015289582523,25.89390975099348,0.577087911118509,5.0,44.673
0.24020018941433113,23.72891509884766,0.5169834510101033,5.0,43.811
0.18739828287974772,12.225816240733355,0.6987485652471103,3.782340980891133,47.637
0.19018598367754108,37.62826132247457,0.24860182392238256,5.0,38.241
0.15641928069998784,15.173335167539348,0.7028804066519785,2.404998450362347,47.351
0.1152864794879011,8.972878357380182,0.8050685805146798,5.0,49.795
0.2486565877791391,24.009890875033,0.5769338056672028,5.0,42.981
0.16372803537710978,10.338508758056449,0.5859692019485634,5.0,45.59
0.212286068442266,33.84436979501065,0.34812276924763874,5.0,40.722
0.1553217737013088,4.468377219085635,0.7279234124783731,5.0,48.513
0.1,21.3217055716904,0.9550052734823894,3.8384188199915643,51.242
0.2582394169190463,39.64606083808056,0.27684958523292247,5.0,37.017
0.16390391121991202,9.871120387521232,0.6150082449784795,3.2525783103243366,46.705
0.13525737303702254,12.22231457333289,0.843008548889147,5.0,51.221
0.26968719868030994,13.816029004897768,0.29754808958846135,5.0,41.469
0.17405138325825045,24.736324782979562,0.6218467663740244,5.0,45.461
0.21951690751884478,31.920494641088496,0.36815946967894797,5.0,39.743
0.16473013974505585,31.509964972615876,0.7953205440395091,3.954633005141963,45.314
0.17629764070927623,27.412339791960402,0.6985891680381187,5.0,45.041
0.2131883930709457,22.952796247280915,0.5809864076430777,1.7432258049661824,43.409
0.12402490747564421,6.825727912065471,0.9678289311858145,5.0,52.808
0.11831707627521268,19.15818451910812,0.8080329115621899,3.78373491314234,49.297
0.26045943321906445,26.191625887050407,0.3685515846456516,5.0,40.614
0.24144309508231745,38.331485137035266,0.3662126672227505,5.0,38.292
0.14221654870920206,0.1468524459346252,0.9006179819178315,4.56205155195742,52.503
0.21373119600743407,16.640948161228643,0.6650891628220982,5.0,46.017
0.21569969557717236,18.78920409662647,0.6562040843974082,5.0,45.378
0.22819632028264483,24.35981656863857,0.4433550180765623,5.0,41.47
0.17586960876828492,31.86519614163961,0.6934294441993141,4.312885743606824,45.105
0.17974418043363327,7.678469952688317,0.7557132693142352,0.6507751437478058,47.73
0.13700896646793614,6.897513141920067,0.7980760634461417,2.102973734537476,50.157
0.19716452430734904,25.16237175687184,0.2651314085977793,5.0,40.387
0.10403671691666672,15.22646553052474,0.6112405310961657,5.0,47.174
0.21959798554034557,30.658523568795296,0.42248559451651424,5.0,41.255
0.19657471064660798,15.815046119644752,0.8152283453033768,5.0,49.396
0.1962882624188599,39.75168578188153,0.4246889572339752,5.0,40.486
0.10655182353188737,18.379849504354347,0.9223651973967634,5.0,51.182
0.2023120625483341,20.83222017669508,0.5239555412239802,3.678610527981547,43.916
0.13721501644422632,18.36465936934088,0.76964128731518,5.0,48.77
0.1515132742635572,3.60660647985668,0.8303749924860523,5.0,51.368
0.11209682066116078,15.422288754553854,0.848724566244879,5.0,49.125
0.16765153245332803,11.647242456161177,0.7174268472696328,4.236063511730527,48.347
0.20874022676091164,29.668897941935526,0.5474846381777755,5.0,42.466
0.16082291491143855,8.015734241868834,0.7519744785379651,3.4953922671143056,49.303
0.23588460391555532,15.892225129818673,0.6799443699104795,5.0,46.12
0.13845303720236682,18.719806630351616,0.7320682361864818,3.902697699456482,46.952
0.13342107137125003,19.329866412839213,0.60632120795018,5.0,46.566
0.1356870432882421,14.734886051978087,0.8303324626553973,3.3754058822853565,49.917
0.16877047935781578,15.968055374891518,0.6269792707501426,5.0,46.415
0.1450382257863785,4.303037209685311,0.8583057399408065,3.006034897323114,49.613
0.1979379275314366,17.8036367269595,0.6341537376377467,2.754987378501788,45.272
0.2026585430482339,15.593436592257163,0.47004025330412325,5.0,44.428
0.2029518682019288,18.343629612463566,0.6391615263763767,5.0,46.796
0.21512090892909058,40.811038358025215,0.3522977822225544,5.0,38.586
0.20586665436241597,17.848350893969958,0.6269014227735925,5.0,45.537
0.18290780314727131,18.307301694615912,0.7784324371692511,5.0,48.215
0.24737484342552465,25.8970164695043,0.5561876806210242,5.0,42.998
0.2113573581714125,34.09794471348218,0.5604750074888969,5.0,42.815
0.1,13.820312502342915,0.8573015804615223,4.408583140123271,51.229
0.17127148434140899,6.0463969006216916,0.9960707918434226,5.0,52.425
0.12189894480803296,21.71055909005556,0.6272131769334743,5.0,46.262
0.17032609985302072,21.559545306536332,0.6687533743081411,2.047884811881816,46.28
0.12485557350179825,13.289410637529373,0.7856317664456475,5.0,49.487
0.17879335134156668,18.327749978777767,1.0,0.0,41.612
0.19000059177713385,23.24269662565944,0.3655870899583228,5.0,41.617
0.2568798214547486,35.819994167743005,0.29788660594273486,5.0,37.379
0.19737580369603297,12.389174278799754,0.4922009851305884,5.0,45.073
0.19587676286800054,19.56978816423441,0.6596466104038787,5.0,45.782
0.24533768200943762,29.1624275897219,0.35457850276703307,5.0,39.597
0.10973423137248221,16.514551416768676,0.7306799410724085,0.8069351038610213,46.776
0.20506048307578395,14.163549502908008,0.3964305056207938,5.0,43.129
0.17751793593311344,17.234505717806975,0.7070227106447058,5.0,47.297
0.23157077506600293,13.043865856812992,0.5595317685030485,5.0,44.265
0.16425824830206015,26.938570822248806,0.5770043191087257,5.0,43.451
0.24780445022418063,33.35008719684162,0.2282802569514938,5.0,38.423
0.19247253398766656,29.07859640214558,0.5772139419257347,1.7261773373997376,43.276
0.16803562719548745,14.198158739426743,0.7681340530086678,5.0,47.929
0.14301085300472355,25.893443217189564,0.7303285681218413,4.1469528545735015,46.956
0.16352666861063483,12.618283080208968,0.7179474268249524,5.0,47.986
0.31992270234509995,42.71534630674592,0.4290336906787245,5.0,37.313
0.21457003708666833,2.5282636477175497,0.7632981205747528,5.0,49.446
0.1461538476786129,17.330600583363903,0.7334933564509797,0.0,38.89
0.14705298065691594,9.139614475861599,0.720025437371905,5.0,49.696
0.16988690203630233,1.4935026487736334,0.9230608483655826,3.91442697325483,51.982
0.21750656424980305,28.48864136151533,0.6120806994726831,3.024086305982123,43.958
0.11163890640956503,14.486804752341392,0.6905208748193453,5.0,48.222
0.14370823558924253,4.816666705949769,0.4864580991180915,5.0,46.541
0.13258384272605334,28.29516393223822,0.6421205417415704,5.0,45.379
0.11230069831770718,14.78479340734148,0.8929861298741218,5.0,51.043
0.13717435816034917,15.85054182305209,0.8264943572019599,5.0,50.305
0.18974439223311246,13.531628065426396,0.9080133614513706,2.6601715950325646,50.743
0.19029126639302096,34.98258497851824,0.633583602360611,3.222624739897886,42.193
0.12351729975396462,6.7829128300037125,0.8794960592585594,5.0,51.613
0.22970007247901789,43.485113209558364,0.36973283816711,5.0,37.819
0.15242571147755257,28.394738221021917,0.6812183197614733,5.0,45.095
0.16783310140495786,14.701859788954698,0.6477488253917668,5.0,46.399
0.1761454793414748,17.32745130217834,0.8370530786392111,5.0,49.811
0.16797003762099547,19.831195408472222,0.748992602840407,5.0,48.41
0.2859836852817765,36.67153104148895,0.3500142903370806,5.0,38.924
0.19496093455871968,23.4240189927615,0.4853739156794473,5.0,42.845
0.24328978878531043,20.25649194841191,0.712108660747869,5.0,45.418
0.2366267907162008,22.979829597104313,0.6990000093073375,1.300455005966026,44.365
0.10164141899301643,3.1877653662252694,0.953017284816767,5.0,53.015
0.20493059724346355,17.543888374852994,0.8090742063550426,5.0,47.856
0.19274512086450124,13.048876436664589,0.9098221383057273,5.0,51.491
0.10038214321078479,16.65184767875116,0.7706476219052456,5.0,48.919
0.13408519193919077,12.793567668506189,1.0,5.0,52.101
0.20361680288255088,25.715337400785938,0.44498810531831623,5.0,43.043
0.21745024605368593,28.82492759318302,0.6913396715753768,5.0,44.358
0.2129433750074642,29.469188471618438,0.5717079235405561,3.3936915654193283,42.339
0.2844924002556838,25.345522933228363,0.2807687599616268,5.0,39.133
0.1058848066458574,8.465490872166281,0.7693021513871667,5.0,49.946
0.20084553236157296,13.457670311128211,0.7090108700476007,2.925346475073613,46.515
0.21714196330650481,11.254877589767368,0.7731050439806768,5.0,49.09
0.22772459076706358,31.178021580020552,0.598196138723875,1.5488982300953573,43.659
0.22413256753302807,30.054485475640497,0.40190095965865114,5.0,40.914
0.22081395019266473,16.363363751466842,0.5744659602063752,5.0,44.918
0.18153156095957357,11.321827049861849,0.7506696031234542,5.0,49.159
0.16929262632119918,18.80891980466367,0.9135291492096476,5.0,49.361
0.17022438535885995,26.58281732748302,0.5862624004115244,5.0,44.548
0.14801330364959198,11.7746984573429,0.7505854967933353,5.0,48.346
0.14177091919461046,6.45919938342835,0.780571053263311,5.0,50.097
0.14883108406779,5.6652138259929625,0.7748942490329658,5.0,49.453
0.20107442024909164,18.670172813739292,0.6409581223081321,5.0,45.928
0.11832400826598906,23.73652533401896,0.6989324574695324,5.0,47.231
0.1675164653118039,16.666858069504993,0.8407747619898625,4.22738628159686,50.598
0.15757403005172455,8.3126291012983,0.7561160341534364,5.0,48.829
0.11960002826060928,10.260873353644389,0.5270389099443232,0.5450268446762297,43.898
0.13064963717802106,17.78203576499558,0.4936401080209764,5.0,44.488
0.1631523169861753,12.748931011043332,0.6714568165502399,5.0,46.747
0.17004577355062434,4.549129963572099,0.9010396268434571,3.7475393242495345,51.015
0.1477079574499633,12.765979229328044,0.9765844819575955,5.0,52.253
0.18724027738279475,22.993070649900716,0.4567726242763057,3.4701089940495295,43.225
0.19033926750823657,28.278383336994686,0.7253855231111268,5.0,46.218
0.10283870284488342,8.605727615073777,0.8546112532582744,0.9139408148156746,50.143
0.23065881490847287,8.388853836833135,0.6924890537926692,5.0,47.176
0.18138393251300364,20.411702809909343,0.9048086467459577,5.0,48.798
0.175083324977067,13.129931638578562,0.5837084761161405,5.0,46.714
0.30848408621121093,44.100964577096285,0.35255806606558904,5.0,36.57
0.10816452274785535,9.104413959763814,0.9386965506238387,3.4776109594083158,52.461
0.11464772571898832,16.012213782500467,0.9214645039713212,3.957501542396548,50.401
0.1,18.096033969941416,0.6535171681798017,0.08668692022242097,40.89
0.1689151496215559,23.088086550974516,0.5360006955734199,5.0,44.616
0.217808832587771,23.419163955633213,0.44000033477899564,2.1425642475022286,41.248
0.18066766424225333,17.540057605092713,0.49586356180878777,5.0,43.951
0.13835893665562768,16.60228727297521,0.7386451933249162,5.0,47.649
0.22702828251255558,9.918803039061451,0.7668943340933749,5.0,47.381
0.17880099931193247,16.62906612243949,0.6110247557163209,5.0,45.838
0.20343150247612404,20.410483723850717,0.7952218526393671,5.0,46.765
0.15704497925736063,15.992736040084655,0.5359625657356549,5.0,44.923
0.12443750516379123,15.634422976539906,0.961381017967618,5.0,51.556
0.3275612918091329,33.829624602458026,0.21337709660678963,5.0,37.749
0.18256663966315712,32.136621410800835,0.6667562775529582,4.04107789164741,43.799
0.15316525539194903,8.339615604416402,0.5226881886734535,5.0,46.134
0.21085455503026465,19.300216307404263,0.43025239691858824,1.2099845424721833,41.519
0.20253519127834538,9.736539832163635,0.5695577227672581,5.0,45.327
0.1692039339879705,23.525163628076633,0.6091630826462178,2.3764108621824254,44.511
0.20589740452101643,12.848390175137096,0.875237622659514,2.407472154024923,48.837
0.12824349415936492,8.88386514109239,0.6837118545710618,4.3066294387323145,48.813
0.20074218598637486,8.581650452831832,0.928367025609087,5.0,50.928
0.21472093293999028,7.852595504287391,0.5781660203334613,5.0,47.314
0.18905758845850634,8.996955915594146,0.7388978037915155,5.0,48.067
0.17755654674744956,16.473541204191697,0.467275594505567,3.3927633953687186,44.13
0.10318409423613793,7.09693302437836,0.7579553175340155,4.0328888517821415,51.414
0.12927559947596526,28.666528271857125,0.4973866668532323,5.0,43.765
0.18399127799973136,13.489540346101375,0.6526906601917634,2.9218674389229125,46.334
0.19044958632850648,9.200214216380623,0.7610458718234743,5.0,46.79
0.14681150605277757,8.556187996956881,0.7785796113965656,5.0,49.512
0.2088751388859813,16.759361861467784,0.5758720396604827,5.0,45.271
0.26744453606600654,28.22441237495699,0.40185865877466703,5.0,40.698
0.12367337783543954,13.825929498502582,0.7526648994565078,2.206630759161196,49.216
0.21137923354082644,26.839722564496707,0.528320364723247,5.0,43.111
0.2528753688332064,40.606846399279725,0.594591430840064,5.0,40.569
0.16677262041057322,7.935803953193238,0.7339834020768208,5.0,49.068
0.16018826894176288,22.22920834173713,0.5632333415585506,5.0,45.179
0.1,11.863953576630825,0.8149779386407876,5.0,51.46
0.1125095242061039,5.280795274931577,0.8505386415298841,0.5890854796637032,49.366
0.18534589725494363,24.69841719003861,0.5035684685574281,1.9083533880955104,42.316
0.17268554334270825,25.56068353547888,0.5371744639152425,5.0,43.66
0.18521572779833578,13.685872780292994,0.8610859866136006,5.0,49.738
0.22065582177341925,39.632985994845285,0.44740226814231193,5.0,40.543
0.18413477056668776,24.032536518018237,0.7619863852256208,2.8691372510716233,46.655
0.17292863723991403,23.420772423522532,0.7465888055038014,3.767529764394474,47.257
0.18699033012075436,10.932752948627328,0.6979847573003026,3.8103547199881915,47.509
0.16537319685581,19.22296332378352,0.8419545083362815,0.0,39.238
0.14616361058567326,10.793173913428678,0.6953371354111766,3.658396124334841,47.81
0.11823533374532423,6.344142113406551,0.8711054839214709,4.765000850155635,51.544
0.24110992963001196,18.411160773398283,0.6455048091454461,5.0,46.072
0.16379790490307392,13.195013109756491,0.7357393263838844,5.0,48.499
0.17322871822281072,32.45426064982708,0.674433711721307,5.0,44.376
0.14395587023040748,8.659816192354565,0.9112128543679359,5.0,52.144
0.16107957081329335,8.252929812367778,0.7300943558223957,5.0,48.883
0.2101168264291837,21.90711739242283,0.6294706169244,5.0,44.285
0.2018349284333336,24.49167301021207,0.6856065599715636,4.233604597418594,45.222
0.1,12.221487769296317,0.7864432535345551,2.7147406645694216,49.744
0.18993815867146346,16.72656096952765,0.3926155181003461,5.0,43.702
0.12454990584913586,10.867681432826522,0.9247985561334229,3.486000835882252,51.539
0.21233087829299374,12.916275913613076,0.9471697361775353,2.314558005925123,50.159
0.22792424722861448,20.715611293233028,0.7794020827236288,5.0,46.73
0.21586073077462073,12.806371963770847,0.734320795030061,4.416266947964685,47.326
0.1942555973878362,26.441395188355663,0.5708292269016356,1.7498596687267662,43.541
0.15849361112289864,9.620005841896678,0.7355438005831887,5.0,49.177
0.15596389523843537,8.04011176749663,0.6248449201044755,5.0,47.379
0.1959066160598225,15.890133199887197,0.6663580999573065,1.1491250028085291,45.792
0.1756263585408217,8.7909287713333,0.5622504211971117,3.4673808013112075,46.774
0.14022476190367444,7.896737202331273,0.7405292361408725,5.0,49.558
0.20337177270087436,18.757090901062003,0.6513672439406636,5.0,45.6
0.10837426259288914,26.563368546879982,0.6609417825365147,4.334843812661183,46.589
0.1721823400199925,30.925779047802084,0.7331985289432804,3.820195863378603,45.046
0.1473912117657999,25.77215434184498,0.8800174016203587,5.0,49.577
0.15562682563130828,22.50830904229235,0.5837063026312402,5.0,46.104
0.20805978520474794,16.606578846217417,0.7842573031798945,5.0,46.419
0.2279466576020298,30.711501542325593,0.5480213534229665,5.0,42.534
0.2372091277921342,43.230783942428815,0.29462064429316964,5.0,38.047
0.11246046115879108,12.332784615486617,0.8060890958903708,0.4015789321961393,47.72
0.16508364566162603,11.653014519046055,0.8837169609945721,3.1113341742697362,50.684
0.1973208526281573,23.990142607792777,0.756649883247096,3.807649802561793,46.056
0.18401198062352936,26.110255081798027,0.6396869048074776,5.0,44.571
0.17417408711321833,21.13693985980047,0.7964347159114629,5.0,48.037
0.24819025582225443,35.782934668714894,0.5033575347108312,5.0,40.974
0.1616994583553837,4.303440935892747,0.7614216083830783,3.2383901867753573,49.532
0.15564668126204054,20.38425236095329,0.5687503980754096,5.0,44.321
0.15258305144677473,16.30160298373893,0.7446205759365859,0.0,38.473
0.1269573283811147,15.063380316555072,0.8304138353078443,2.2305188149621307,50.146
0.17989249757223966,25.987915319694384,0.5161163109419252,5.0,44.11
0.23395453456814555,33.168494767106516,0.5615374682137039,4.49736789923958,42.286
0.2834037399022691,30.412625150334005,0.4315941878608922,5.0,39.895
0.1547493459106861,2.4811797988009445,0.8647445828015103,5.0,52.006
0.1302376996790191,7.544471400214459,0.503412716761073,5.0,45.961
0.16824080715218037,22.239725732705054,0.7631751598758978,4.518804852171232,47.047
0.2272259975891192,10.023175955696932,0.6461017594886443,5.0,46.801
0.2278060009326457,33.662668184165724,0.38346734402052307,5.0,39.454
0.1565259613645958,17.70856779356391,0.697489443999082,5.0,47.624
0.1,11.672071055288708,0.9397917507564871,5.0,51.761
0.20851950105588488,24.82357435668332,0.4502934778158364,5.0,42.582
0.20086273434138663,0.8056735579764336,0.666489703409819,5.0,47.848
0.10455093914614669,18.657580801218437,0.6762407997881216,5.0,48.42
0.18833498767861295,14.454076276829115,0.6521470869212658,5.0,45.545
0.20686258208664476,27.093346079331113,0.49502385512813174,5.0,42.938
0.16504970074536537,33.51447499039152,0.6418259601869024,3.178068916736704,43.925
0.19229387649697552,27.481959102754107,0.707479806004707,5.0,44.824
0.24151312130090924,28.858626627335006,0.490642568009652,5.0,41.318
0.21380023698374495,25.737990341312265,0.6631365997679077,5.0,44.464
0.16771516428347313,19.347273363127975,0.6484367723993479,5.0,46.157
0.2500903435900782,33.685997843033014,0.338884211985635,0.9852423449314136,38.258
0.22426660793433134,37.28225910984105,0.3820119599070068,5.0,38.094
0.19864108956581106,22.99226305420366,0.8342074031664968,5.0,47.195
0.1,8.462555322839933,0.7453855113190472,4.3061794837726115,49.921
0.2073955783274537,22.32298928905205,0.4542035046931582,0.6151826379983363,41.598
0.19874973916742422,16.73772448178382,0.5668047318922128,5.0,44.782
0.1579096792217931,38.209775133166445,0.5033740636990747,5.0,41.333
0.16904846014932504,20.77956406436074,0.5870515132442959,5.0,45.204
0.19923267453373095,15.425901018021726,0.8126524723171101,3.7696634567592793,48.115
0.2866340394404217,31.850854999688135,0.404740755191601,5.0,39.304
0.18445787818760673,44.548015144046104,0.4467375888239282,5.0,40.328
0.1909293238575016,27.951718784695487,0.547814299709952,2.1307112521246863,43.343
0.18148022046121778,19.277395748020073,0.6371355620920829,5.0,46.013
0.1969209967845371,18.841484397520045,0.6419562701078272,5.0,45.559
0.17125917402198293,8.529727620542225,0.8492849703833178,5.0,50.411
0.18224552725373783,23.28844993734464,0.41875095560834563,3.5121543472011965,42.603
0.15243215485286218,35.02726683070679,0.709862775404802,5.0,44.776
0.1751889063408553,17.819891534557584,0.6550987587867914,2.877444980760407,45.913
0.18059961877114256,15.271210491296802,0.6424001252427773,5.0,45.521
0.1731687339991596,25.36940865591186,0.6612581056113979,4.216519660951878,44.178
0.1675617712164166,12.684307433623143,0.819232850012304,4.158590509278488,49.636
0.22718138061612603,19.838809744444884,0.6242125675180764,5.0,45.434
0.11800224179850569,19.398820933956497,0.8542841677863828,0.1337286468770369,44.904
0.18102964498233914,16.925362078179585,0.7615870598837609,5.0,48.183
0.21628384534140493,30.93156310903393,0.4752002852990346,5.0,42.147
0.18832044864313574,13.84908288824429,0.6815728413387109,5.0,47.5
0.12759006657400396,17.050214154098498,0.8451882353640015,4.777967042590243,50.094
0.18155834362488385,10.94145311813648,0.7478043013169879,2.9247426386528406,48.314
0.10537226990148227,17.387085803443703,0.8331858026902742,5.0,49.88
0.15018642483677402,6.442761008563642,0.7822421911765471,5.0,50.269
0.21547825847991575,21.04543707995028,0.6173705204168453,5.0,44.333
0.21503414997844542,19.793231388149305,0.800287429852537,4.465449755563822,47.12
0.19940525028422573,17.815325244906365,0.6646981574830086,5.0,45.898
0.15073558523668149,7.981494719317357,0.7813957425625885,3.2202362145916217,50.697
0.11823421476495272,22.596702252813884,0.7495379585347195,5.0,47.225
0.22619036740403609,27.615692397541736,0.7073331486613214,1.2726280044214904,43.863
0.16905863902962356,15.301730000322983,0.8925018882288406,3.9262955316448145,50.083
0.12680774369014952,14.920906951302777,0.8130515836131753,1.6900172397442352,48.912
0.13669810512915898,14.673703944456259,0.8481285269733356,1.6665475545266988,49.974
0.236840542562431,21.043130458772456,0.6626266339486651,3.857567887657049,44.03
0.1717946131371259,16.289592260854114,0.6767868814806726,5.0,47.015
0.23623401305181363,30.94749076561324,0.24604688588344376,5.0,38.417
0.10813019435112933,9.38835133562381,0.7483819581454351,1.3069871962002084,48.528
0.12882767945788087,11.57405808742459,0.7064568478164465,5.0,48.556
0.1803069260684675,7.918863731961962,0.6495968715537224,5.0,48.22
0.1747525206431938,18.121191796896277,0.8614218007050048,5.0,49.529
0.22604264130170518,23.35031161725842,0.37864013169835453,5.0,41.107
0.16343086758230746,7.32767626485016,0.7146459456457377,2.8886295554111046,49.139
0.17958117990438252,19.913542710076698,0.8258151698203383,5.0,49.028
0.18974669919613962,11.543043181769319,0.629935831180398,5.0,46.355
0.22446410753131346,29.217644866599528,0.4767816531901472,5.0,41.287
0.19008685277358503,13.609134333555032,0.7291921956404988,3.9605277432959762,47.29
0.11176002959588116,12.994168077714274,0.8972972509279926,4.628960838669679,51.103
0.173332160480072,26.951371833514425,0.6178803958587752,5.0,44.967
0.11409000501068092,8.095857893310054,0.6285917441272169,5.0,48.89
0.1,11.349794214164291,0.7637095576169471,5.0,49.626
0.17960126672336738,24.7985229451226,0.7886298118211696,5.0,47.618
0.10096925088154848,16.241002003860732,0.9336028458148647,3.472168265524115,51.757
0.1530236183579808,23.928088123228356,0.9405560188535502,3.334533373859977,49.76
0.14286077012324713,17.24189858725215,0.7964081108950745,5.0,49.005
0.20202823445817636,19.196921193185567,0.6213710842873916,5.0,45.888
0.21343362928318357,22.775895043143883,0.440583691692798,5.0,42.794
0.22697819735191666,17.743520804921378,0.35624775170462897,5.0,41.904
0.21627544219042857,21.76090484571807,0.8028864344511717,3.7348321755185734,46.984
0.24696020334354696,26.198853112030214,0.41724200245384996,5.0,41.28
0.1700757613594877,18.42886780625139,0.9479401536974458,4.435696405737365,50.169
0.190375008195343,23.36560549927959,0.726040479668888,3.8183391536330618,46.123
0.13301651293442748,17.8793656415259,0.5876788642898271,5.0,45.726
0.1,13.106567020663427,0.6490987592147714,2.379873061714542,48.461
0.16687026101248334,11.395290023396607,0.8130636338288038,2.2446646920984747,48.954
0.15795746002816696,7.19299112545049,0.7796369086509715,2.7649726173662845,49.172
0.2238674080681622,15.816843515975044,0.5413592309260471,5.0,44.954
0.1508911366016325,22.547190175041063,0.8552889590510461,5.0,48.536
0.26650889169666947,40.74484453784311,0.295747307602079,5.0,37.766
0.1287464061487881,18.546724697074936,0.8131905916564117,5.0,49.273
0.10578276941257056,17.23074777145379,0.6663386065252934,4.0202280367964764,47.241
0.17668461642976832,24.456063258127628,0.5997086703078257,4.279811276798292,46.093
0.2532280882835571,25.407398436246375,0.32590548910556477,5.0,39.86
0.18675932334210618,28.074483556806207,0.6968691332548518,5.0,45.306
0.10254127714749732,15.779715672039464,0.7933561784751887,5.0,48.969
0.18874954667144467,21.531102266055818,0.7104426255300035,5.0,45.84
0.16863852462994056,14.315161273396479,0.782198967298144,5.0,47.997
0.21075677930166098,8.919569316689191,0.6726116508895391,5.0,47.836
0.13595606501513627,6.498548969532861,0.8622442116272893,4.927408545756589,50.58
0.18493152581226915,13.497150656534604,0.7528887065038602,5.0,47.917
0.1710831407134116,16.477677617892635,0.7334504214209442,5.0,47.666
0.19002794318022267,24.661059928003542,0.4903924951264729,5.0,43.221
0.2482943503726462,8.464558775623495,0.4337625072865164,5.0,43.422
0.16272093918682926,10.406730653098329,0.5517320713130583,5.0,45.883
0.20557183359142,13.362057090201889,0.820926191345872,5.0,48.613
0.25984898751431806,40.170058285402696,0.2330267131944852,5.0,36.939
0.1396976279831087,12.914084558184932,0.6925062741078657,5.0,47.932
0.13305052343731505,21.139073907475005,0.88301328843853,5.0,48.559
0.20713783577392203,23.53715883508505,0.7172119230564818,5.0,45.791
0.2906436051054409,43.952104823185024,0.39693451958366704,5.0,37.522
0.17710218604305317,28.12634513946231,0.6587337130070522,0.6477301940771419,42.775
0.1567815904147854,13.22162862461733,0.7691981153761733,5.0,49.189
0.20945669950286894,13.181595204984662,0.49847179347965337,5.0,44.225
0.1180088121871204,6.022111753332595,0.8676712946719056,5.0,51.493
0.1499934111854951,9.402857407487831,0.6396668043642043,5.0,47.305
0.24209326808331658,8.802409891699604,0.7945109074227131,5.0,47.953
0.13882764672924974,13.626608841887133,0.860020664555279,5.0,49.989
0.13773193665499278,21.553340866578885,0.4442900945353033,5.0,43.832
0.15815663554185524,7.956157715365367,0.8127821774104533,5.0,50.703
0.13845979250265214,4.932850993240271,0.8486426007468405,4.439970595883713,51.941
0.15582451183134885,5.410260310052122,0.886136598135203,0.9790297435456402,50.357
0.15667833767002448,15.036006665451156,0.7655415119884719,5.0,48.233
0.20104737757677715,9.330182744001,0.7702677705787117,5.0,49.242
0.16006679026131465,22.29792387690103,0.5643341409557682,5.0,45.231
0.10784339995688069,5.711437611115928,0.8777193595541383,2.4854030138682783,51.728
0.16915173896144065,22.10580896498085,0.818030386344979,4.450269366246355,47.906
0.15984527408255908,25.38760511902482,0.5749479078426207,5.0,45.353
0.17492883583548471,22.94750831715236,0.7024861668047405,2.853386577374575,45.746
0.13591899530488116,6.792330834922819,0.5011514430007131,5.0,45.908
0.27351332374023263,37.053243175082095,0.32994410619063386,5.0,37.655
0.13427099692986727,34.69669988086641,0.7514318607431336,5.0,46.338
0.15354109702325322,24.32533847136683,0.6223338181998552,3.0491188101462168,44.157
0.1557937509656887,14.199244141341842,0.831576252287685,4.160658744242713,50.458
0.12309092407632492,4.940366627819852,0.9314281884593228,4.941209413625962,53.023
0.17137424607431861,17.6690667236652,0.6464716933084895,5.0,46.495
0.2120002367161152,37.97074753957813,0.3736755740063304,5.0,40.597
0.14556910882257207,17.166827718297206,0.754315217670422,5.0,48.387
0.1371988910228254,6.119739772151922,0.8766202395440457,4.264006735063236,50.725
0.11538911866142822,10.448610423456593,0.8482310303667125,4.1335392641255,50.491
0.1588232645785455,21.6279506253515,0.5801179590909799,5.0,44.466
0.23210771490037913,18.176836932880384,0.6006766798404896,2.9150259514931816,44.469
0.15057875632465334,10.969320155799757,0.9365218237007654,5.0,51.271
0.21031242481573206,18.147583054612294,0.671888208978643,3.2502494928740826,45.607
0.20079330633087902,18.750920945588014,0.7494413559427764,5.0,47.497
0.18161622139970546,2.6036691791179436,0.42339406100023247,5.0,44.348
0.14055432322667985,3.2509213731049815,0.8328404100493361,0.8845034819593585,49.755
0.19494106671179975,13.315120348483397,0.7214143697506799,2.6673176161133254,48.031
0.1221058125910339,1.6121050243824842,0.9498419760771463,4.013829420457684,53.187
0.21276070480119869,15.147348164850552,0.6965604097244711,5.0,46.374
0.2234738438755021,29.52301866456499,0.3701821736065682,5.0,41.685
0.11715944561755509,18.68266515669748,0.7511206305714255,0.5772298480261966,45.855
0.24612379934067807,30.630477574439993,0.3367733913430676,5.0,39.337
0.12831816356903053,21.483471954208067,0.8524327967874924,5.0,49.853
0.16702864288200492,19.813856100984776,0.6620331249146,5.0,45.823
0.11645979321412836,13.481845552171105,0.6005711392623814,5.0,46.949
0.1597650808031532,14.014477422456482,0.6937337799597074,5.0,47.043
0.1935908185902987,6.959004158484525,0.660653900698071,5.0,47.1
0.1404697353611593,6.295199750076349,0.8693819806075935,5.0,51.411
0.1998924274964743,4.812191363080082,0.7134564569766781,5.0,48.199
0.18679915398133418,15.9983403558711,0.4832397746301617,1.1026068783519378,43.397
0.18605246855067847,10.138032703780565,0.5387885194869217,5.0,45.969
0.19973612227413648,24.490652740424498,0.40057758982218844,5.0,42.17
0.18440771992542213,18.753562882776944,0.4984173139081916,5.0,44.507
0.16558187715113587,12.634375644013774,0.6909602597217259,5.0,48.044
0.14574177258316778,26.3461575267036,0.8356019823722438,4.545847478698272,48.7
0.15264426655799984,10.518853845439374,0.8580512156862958,5.0,50.882
0.11440984649485753,10.910419503339845,0.8120506753249611,3.367325194908003,49.921
0.26059541278334447,16.389955859042857,0.6699762084382699,3.588088428784685,45.679
0.18886869552112887,23.095934811283957,0.48875849427774554,5.0,43.324
0.22299202587068828,16.80348453164049,0.7543678696349048,5.0,46.895
0.1740573989853399,12.43123508784264,0.6943232529923541,3.884031630704125,48.31
0.11820939687897515,13.54407038896526,0.6885979672858473,2.583359830149349,47.862
0.1555718847911472,12.71264515648364,0.734821601823742,5.0,48.968
0.15261697772980048,24.387864744810045,0.6446224942684868,5.0,45.948
0.18448747135173205,28.37205718377581,0.7724608958779967,2.8611389070971485,46.246
0.21275980987894086,32.07307591494322,0.24775431902182285,5.0,40.168
0.2053716969921335,20.88146669647135,0.6930735996266278,5.0,45.414
0.18747249332191834,21.722680623058533,0.5286271617615379,5.0,43.217
0.208107047527161,19.11259878403509,0.5083818728188622,5.0,43.614
0.18809455109409126,21.88503160025012,0.6439717765165835,5.0,45.531
0.14666949612360414,12.690977612049277,0.693320546242459,1.3350678251430845,46.566
0.29498671268661414,53.43934808406881,0.39074934650539206,5.0,34.772
0.17781248304145372,23.066430716246504,0.7944600906989634,5.0,47.06
0.16547494863102757,24.095493973923972,0.8359153600620407,5.0,47.596
0.1330098083062684,19.28487744087117,0.6258906534115298,3.4686468413295963,46.602
0.2052297845874186,10.84017791596513,0.5575689173813875,5.0,45.749
0.21162603685945827,34.09495097873637,0.46918406708704674,1.3265115641575862,39.311
0.21720681686133367,14.170281260937081,0.5874913917042757,5.0,45.255
0.2598142569931408,21.359741435852566,0.48117432382861736,5.0,43.673
0.12643849534599963,14.89791440736166,0.7255919736749525,3.6659084377643056,48.23
0.22356614030888516,10.494973809423016,0.641942281490123,5.0,47.438
0.16663506657620547,21.172867181240704,0.7083571646340274,4.207279823570359,46.841
0.176660848784275,24.67966824508288,0.6772988718441134,5.0,44.918
0.12686441915580787,9.832857629531206,0.72391498852761,3.052692603698164,49.177
0.1373261147712834,15.701738313908985,0.8174624819454784,2.9418324365817234,49.246
0.22481910196434385,21.06348038718725,0.8035892979359951,3.773114084076848,46.397
0.16426279784118622,12.477865504522335,0.8216607657830611,5.0,49.142
0.17510882588604185,7.821442090893906,0.775188620781786,5.0,48.579
0.2380610857455055,23.830373971239467,0.42666338800258324,5.0,41.788
0.17317555517813418,24.009544478113902,0.6878565420186811,5.0,45.961
0.19863233548988668,22.779491187120918,0.6404645723669046,3.3369883263739335,44.358
0.18310600837435523,5.256124263691297,0.800623738452239,4.6193719136723965,50.927
0.1914432054235483,16.0173095795887,0.7005098340397775,5.0,46.648
0.1932465354840764,9.78561541831598,0.7108691252801901,5.0,47.816
0.1696096929346011,12.113860790181665,0.6649061082045491,5.0,48.012
0.23896734618922952,32.44686558082337,0.4330706493378161,5.0,41.024
0.1949752661870887,26.406993930092586,0.5156444926548891,5.0,43.451
0.22163289251101786,14.077926166808703,0.7949059352239543,5.0,48.995
0.2194017810827347,13.950848106320061,0.7191045591986047,5.0,47.509
0.19992751136055228,6.62101994859461,0.6863143581530755,5.0,47.99
0.15448517955664817,22.15948147014503,0.6788914731143731,5.0,46.682
0.22699896074623999,13.906884279164409,0.6590738473103129,5.0,46.225
0.2012433858247902,10.648212293437354,0.41077578086372135,5.0,43.113
0.20084215905972863,15.437503154523384,0.7601742913496621,5.0,47.574
0.1485236533266536,20.103169004538806,0.7149750689233599,3.9709877072848885,46.979
0.12207959429935238,13.010656793290424,0.8256418077851642,5.0,50.062
0.12940037574293858,18.984437951626248,0.7989649480289288,0.0010903063109447553,39.927
0.1049176939193932,9.968597744316646,0.8655308803263652,5.0,51.627
0.15152071823185354,12.917624625081753,0.7230530882126094,5.0,48.937
0.2604839501692058,27.289611385827406,0.39230928227947626,5.0,40.722
0.1341067513221098,8.035893341410475,0.7089638886109473,5.0,49.393
0.14185141709824264,36.346202105319364,0.767862117279022,4.108357265771774,45.277
0.12295770746137366,11.04013824676613,0.8162850498838804,5.0,51.103
0.2041045862711823,24.319038267279755,0.5157851607586696,5.0,42.624
0.21201821440976626,11.742865707275445,0.8266693084802585,5.0,48.16
0.18055311129380924,13.024179746933958,0.5480988574455787,5.0,45.893
0.19993477532592355,25.427435477454736,0.5528677899326487,5.0,44.214
0.18681820908240124,20.862732772854322,0.5328441328141129,5.0,44.901
0.14910676182971466,9.017780815732284,0.8668043082446366,5.0,50.875
0.24839348612850662,31.95912374038315,0.48073756853329846,5.0,40.596
0.1850150081112329,33.21364674979361,0.7352729459124336,5.0,44.924
0.22452916112023863,18.960428560403063,0.6981824667895937,5.0,45.889
0.23611643462781357,19.132239025173323,0.7985188154507906,3.8311391729932387,46.276
0.1647350014412124,22.588070003810344,0.6846064426736715,5.0,45.784
0.17657211902517397,28.056341417453964,0.739271660139896,3.4348650013071365,45.266
0.1806848413447917,26.834518123281065,0.6768034298490424,5.0,45.004
0.1786800573061968,30.412239820438696,0.43540645241881387,5.0,42.717
0.1877357504498553,13.624654280900849,0.6079547644684452,2.6068023305336556,46.048
0.1306584854600274,8.773645741836717,0.5764710525446372,5.0,47.488
0.1480666267497626,6.453679158869338,0.7786654413411492,5.0,49.346
0.15713369641267802,20.69856899692842,0.7506327171100853,5.0,47.547
0.17826719562866425,19.31706237892911,0.761716056722573,2.1178593703733064,47.166
0.18529032126250064,19.346396958077193,0.5219877208317812,5.0,44.236
0.14487311876779085,14.88384408470073,0.6394309295362283,5.0,47.205
0.2095159170032104,19.9434130991187,0.5396854871487228,5.0,44.079
0.15934068689212622,13.57760912556788,0.6767305713066241,5.0,47.313
0.16607880699395006,32.34642249769813,0.7779705702730271,3.374561758045552,46.16
0.1962018490603264,6.9822940480490665,0.8768526673618386,5.0,50.413
0.1529254857180177,37.63025535127841,0.4337343695707848,5.0,41.311
0.17844701568450735,2.942555621293941,0.685326236394181,5.0,48.077
0.17622700464093077,24.374066226634504,0.5975689422295672,5.0,45.08
0.20062779314792706,30.465679691687022,0.3131122235542893,5.0,40.589
0.17952425302203243,28.846986462658954,0.6085458625165701,5.0,43.971
0.17412053115280443,17.937830945513195,0.5296820447839808,5.0,44.64
0.1727297907643554,17.471504844656724,0.7242541747025586,5.0,47.191
0.1735291761627062,23.4111848780568,0.6764696491702937,5.0,45.628
0.3251510476611164,27.88424834393242,0.4656649723010413,5.0,40.476
0.11640066469501252,15.769726843348558,0.8063674070725441,5.0,49.269
0.18348525030864418,24.06107380786606,0.767018535247306,5.0,46.771
0.1593100882466786,0.5737455530906672,0.9416189911303867,5.0,52.537
0.12199096963412744,19.926095709113678,0.8334329756112978,5.0,49.502
0.17577954943918966,12.12162105904914,0.8956005886478129,2.1472000425600566,50.503
0.21881826654234585,17.622821173991902,0.3705787199286728,5.0,41.809
0.21576351012229622,28.73009696888799,0.45628303029326345,5.0,40.681
0.14817276784956745,13.98741208452759,0.6444096354310069,5.0,46.464
0.15168296694202982,11.587260347046419,0.7665161724930626,5.0,49.285
0.23354692755215475,33.982892570233794,0.5965991088024657,5.0,42.066
0.15826001862493758,14.413309728729834,0.647116994691501,5.0,47.016
0.11272724538668057,9.188022232971717,0.750223989916065,5.0,48.8
0.27232909206690253,44.76911030081895,0.3727445669895801,5.0,37.028
0.1399800908480415,4.87085708707723,1.0,5.0,53.434
0.21368090836091133,14.664218048687506,0.6709272176518335,5.0,47.047
0.20655393453988663,31.997644464912167,0.48052931543716026,5.0,41.108
0.22483063410710033,33.76880873759196,0.2879984439360129,5.0,39.581
0.1536346701004449,5.9918338417450645,0.6149018906118959,5.0,47.631
0.17479170338187466,14.581243720546174,0.74279174553572,5.0,48.029
0.23462210971441633,4.732808033829851,0.820457192007833,4.592861236981156,49.079
0.2898088972835127,37.701686140819106,0.4237464592139351,5.0,39.51
0.19319139097908797,6.094500917077859,0.700194315201837,5.0,47.731
0.18709639111232912,15.547110838095563,0.7724868136862603,5.0,48.648
0.17045117204101481,12.880945238096349,0.8679557078631029,3.9948659625863687,49.445
0.18313227936414786,22.786149111304944,0.7986406685224205,5.0,47.335
0.17394009360959423,21.010107412826468,0.5986620243465547,5.0,45.416
0.17621191750397922,12.789142233419167,0.6984982794523733,5.0,47.264
0.1409433601686397,12.330558051285463,0.4578791600210753,2.426493023725239,45.321
0.1894955368873777,6.52274757333195,0.7234215635138453,5.0,48.699
0.20393106584705356,19.799658964899592,0.5789782753503602,5.0,44.932
0.1422084174485474,14.240083785977498,0.6544062982650469,2.5376983656040135,46.836
0.18464685187142582,26.500891192262685,0.49437894957261913,5.0,42.573
0.2105824168799788,23.478735945869428,0.48818285561198776,2.1144973976642056,42.954
0.22045782553698445,21.293945145078794,0.4776524028949847,5.0,42.793
0.11020905323615515,17.712624752384478,0.7361796300990164,4.061402125402904,48.693
0.16184921479652656,18.269468111710353,0.6297546863919063,5.0,46.849
0.2014081483748865,25.058253323551583,0.8705851532877066,5.0,48.023
0.21880270786614614,11.262706109850825,0.7320802498062785,3.5067807237813,47.459
0.1355271659072262,6.059771983363918,1.0,4.693209694163581,54.022
0.13824063916894233,29.89343785003613,0.7909150740501723,5.0,47.156
0.16028342133003268,16.32008825388214,0.9895871230550153,0.0010957538931908317,40.864
0.2675669805151022,33.457336428733385,0.10972179380211278,5.0,36.521
0.1445227630016701,17.85959976860657,0.5440851052067085,5.0,45.051
0.1664346550165053,10.296191282735077,0.7758768575610886,1.3158208741312507,48.966
0.17019742202656132,11.30553881835294,0.7748213280372666,5.0,47.504
0.2263024968235458,27.584317047489574,0.6472176359325741,4.569263879503173,44.07
0.16224040133573633,20.928744683182753,0.7801704703357121,5.0,47.532
0.18295817463087766,20.358392588720584,0.8370932359133657,4.26187568634045,47.696
0.18216558815754177,21.30108975313142,0.7804581477849237,4.35744350332672,47.731
0.10718969710264352,9.092934025428136,0.7594030064374717,4.649715047219013,50.365
0.13595688415032495,23.442309239033058,0.651372398036557,5.0,46.401
0.17772121964045365,19.952824010262233,0.5506611789834863,5.0,45.805
0.16522773606261734,16.67620403634445,0.6665373088243904,2.417867066421972,47.073
0.13344590628519934,12.36822898092309,0.6992736328825604,4.305673511216186,48.216
0.14429968057599338,20.120789281179214,0.743099016574818,4.268294914705459,47.535
0.22431542008518957,17.975687316829355,0.438623470620775,5.0,42.517
0.19268953634832553,4.21916215758138,0.8033849514475195,3.426270550756719,49.388
0.14888646352253204,16.19001411934025,0.6614908140570924,5.0,47.029
0.12797344662642834,10.028251822774097,0.7210847589639433,2.8338957181270703,48.716
0.15691293590681715,8.481017261496902,0.7416221388354227,2.1054046635575645,48.454
0.18500153727671542,14.950485542121495,0.655587732406501,5.0,46.797
0.2149853970429117,21.40302607397913,0.6019901027768034,5.0,44.351
0.11523065757362727,7.049660021326725,0.8446905133715168,1.097099384700587,49.566
0.19687231151118917,27.784351945650407,0.6025639981078904,2.2647366678479286,43.392
0.17763761528043617,4.3463682449588354,0.6939434010199261,5.0,48.27
0.1717450507414127,14.456242654818553,0.8831048496450784,2.6463093936611366,49.779
0.12061127865423951,13.680076562479654,0.916638347077518,5.0,51.33
0.1528051690293508,11.57800120761033,0.8791136792017114,5.0,51.283
0.22023646085163015,31.32948580088562,0.7503868041216144,3.8991772658833193,45.882
0.1814493111412455,19.49371016655018,0.6419399346319008,5.0,46.603
0.16357946138159998,12.850314878941191,0.6815136249941856,2.2127582175167557,47.605
0.17658594471517794,18.291142740595895,0.6464853876434039,5.0,46.13
0.18936541529702114,19.84398340494268,0.5867481521587828,5.0,44.584
0.15877061318140578,17.839884376855643,0.7949970004861052,5.0,48.295
0.1873940727300327,15.615358048342841,0.4998693034800551,3.8001903461012168,44.221
0.1,17.71525002804648,0.7836825240230157,0.51512807845032,46.592
0.24090329770096247,27.456228539544338,0.6505423926397002,5.0,44.067
0.20273083715460608,25.903233511858485,0.5254388044430292,3.0833583582293076,43.779
0.14444535479782214,15.44131983899678,0.6791881024301905,2.395519345243743,47.429
0.20013677745242617,19.106961953616857,0.4653559872569589,2.6603227998213073,43.61
0.220927847939608,7.208851067585243,0.6665796622043113,3.9224693288266903,48.083
0.19073323856429208,30.453903094879344,0.5800634835112113,5.0,43.108
0.18644284594156013,15.202126166190856,0.8018674150188919,4.475869325411527,48.431
0.18865360233574344,24.027956397238228,0.7090221270806135,5.0,45.486
0.21290575562310574,21.70883022322928,0.7608710782114011,3.7546368319688033,46.43
0.1697454442079539,19.805490687772412,0.6346714281753293,3.84893197519644,46.044
0.18273983620823744,22.114544494412552,0.5862013629606785,5.0,44.914
0.14406965415341993,14.214249187634593,0.68645874273754,0.041350538870240316,40.868
0.2738591208556785,28.282558088011506,0.23563555908362416,5.0,38.182
0.12585929309224858,6.922261544794318,0.8271109114329752,5.0,50.749
0.2531027302113575,14.091555162432421,0.6439544393831165,3.691583138185757,44.982
0.16525718031668063,17.644318153241976,0.804317961812001,2.8744502861407266,48.619
0.19624491194209023,32.16884075741663,0.8815048241865175,5.0,47.426
0.18150703080833083,8.265679524539092,0.8643343005053212,5.0,50.23
0.19916148625676583,16.31574192359263,0.6572721887264742,5.0,46.38
0.13011299526533593,2.053218816725039,0.6904534236845224,4.503258849408171,48.61
0.17469808694247962,11.897724103459815,0.687214875542189,5.0,47.811
0.20574027542110626,26.85345227100207,0.33594879510646347,5.0,41.065
0.1678128844958358,22.59430053188219,0.6597424098383815,5.0,45.501
0.1713319313160429,17.59081791829449,0.8394984555732667,4.227063380215627,48.4
0.12135472105076106,0.0,0.8861196218423708,5.0,52.282
0.1903503592854649,9.56889662040401,0.7984449748703031,5.0,49.505
0.19317352660629133,35.39015755963531,0.4097902756105925,5.0,41.233
0.10015920518058977,12.47557038806941,0.8298953900236594,3.5414831647516096,50.561
0.15892744954950672,21.795896471119633,0.7711458115082547,5.0,47.125
0.1452030930806192,11.46779611921317,0.9389207943781064,3.832033548613218,52.275
0.2578162607635775,36.168112067749995,0.6036767279560437,3.8584753741912836,42.161
0.25750698714912057,19.27729141979323,0.6570019119982509,1.4358546376790438,44.507
0.2520438238564236,26.01571493555827,0.46723439000115363,5.0,41.326
0.17336916879667974,13.655550321022526,0.4985341677568087,5.0,44.751
0.21767812120242908,8.438431489571583,0.49935830337184706,5.0,44.41
0.20394662119558798,28.13367994713902,0.4705278990912345,5.0,42.365
0.15189660147013545,10.470372602995138,0.6571901283544174,5.0,48.044
0.19810334682273317,28.076341904003932,0.32772815445405784,5.0,41.504
0.15190819719178353,18.80438785411244,0.7868432864754162,5.0,48.54
0.2078919971305907,32.71687792178654,0.2654312972401842,5.0,38.558
0.15238873453508617,13.970573155105376,0.7939871673820179,4.980344905229901,49.754
0.26405087607476946,23.019898409933376,0.41114753833020273,5.0,39.834
0.10403678166092716,18.339221468527487,0.9283473737176182,5.0,50.53
0.18656560617714615,26.139429463660445,0.824800793153684,5.0,47.885
0.16252618875292008,30.31899590864384,0.6471436206673423,2.565662942210651,43.878
0.22294517669903768,23.179695317721993,0.5878589233441089,1.7071743901759349,44.009
0.25163776030820895,24.39769355539427,0.5921624822084899,5.0,42.896
0.18328999039050273,17.986819067314507,0.7906093642175299,2.475188890102995,47.555
0.14150713643823812,5.468898285663339,0.7142446205642526,2.7106260724208315,49.463
0.1,9.555903055764917,0.9238329357913334,4.141646445311899,52.282
0.1745834738182675,18.731516307044785,0.7793484052965168,5.0,48.111
0.14710868668855484,12.930256641623629,0.7803152892904742,1.2216724917731219,48.777
0.15345513225369045,6.959208008003727,0.8186911402200507,5.0,50.638
0.17500518790916925,11.371113430684257,0.3393837611504448,5.0,43.676
0.19325743670546647,17.087501068355344,0.6783309042219706,5.0,46.831
0.1524861362266823,19.15864603959901,0.8149478961187376,5.0,48.55
0.10567494433094882,20.03609770394933,0.6842598207774089,5.0,47.672
0.11741264604974364,8.783902814157216,0.7313467896184628,5.0,49.152
0.17192588030984013,5.73864189568309,0.7765815955908815,5.0,49.459
0.17521758452115965,3.0446761940256337,0.7219861794521705,5.0,48.505
0.22034676367567063,22.824947259328624,0.47995924874890983,5.0,43.378
0.19579209091454738,22.8090879287303,0.6029594458152986,5.0,45.293
0.16904180111547837,21.417205184853138,0.6704277051784384,3.435574127275506,45.617
0.2651197543062009,33.91305655024835,0.17657729774190806,5.0,37.738
0.12516445398368675,17.65655529915069,0.7388405791114327,5.0,48.368
0.18521619546043333,21.692265580547893,0.5955216088214089,5.0,44.168
0.18825202922270548,15.150841965878586,0.7880339185554827,5.0,48.473
0.15067687458435217,14.282967153443925,0.6848292107223084,5.0,48.407
0.10640208789415292,3.977326045443607,0.8946968033689522,4.299693984288357,52.285
0.17026825649089386,13.275071650258191,0.9168043710939683,5.0,51.122
0.12636822582058233,16.76277504510037,0.5789946112376958,5.0,46.212
0.19581596699535045,14.67666938448925,0.7250371694357355,5.0,47.407
0.17208276158135666,6.864618712475979,0.6174553578793005,2.718305608478988,47.388
0.22085871250974368,9.841668326247127,0.5604305978450488,5.0,45.271
0.2462849958419729,21.779132328200156,0.7387914192772919,1.727488984592479,44.756
0.14978266408132587,8.678251057925799,0.7739271285873788,4.0551353458097985,49.112
0.13513060217998565,19.69893550699766,0.64097416725708,5.0,45.92
0.18562408371108066,29.838127018047572,0.5702042513818714,3.222108902696524,44.51
0.2747036384440927,28.408486974484394,0.503371979551239,5.0,41.581
0.13877449046904472,21.038182353787402,0.576260854335147,5.0,45.998
0.1258678124109561,2.1189975798418814,0.9557952173220564,5.0,53.407
0.21311176495041673,39.368577458378326,0.4940046743596127,5.0,41.093
0.13467328066843812,16.600372002155332,0.7340930563307495,4.493510765744548,48.242
0.17094702514456414,9.352545923202548,0.7103685829804854,5.0,48.595
0.17877732869541518,17.388840563678283,0.5838192644024791,5.0,45.255
0.13047358182525412,11.527592394566698,0.762211711007167,5.0,48.779
0.17167936145236556,21.29879687897113,0.5247763089967017,2.004585104896484,44.178
0.20292635932972652,6.850599725112843,0.6209672336737911,5.0,46.869
0.1625033938449695,14.438620591294066,0.5498080893760943,5.0,45.866
0.10525628455919792,8.208246499567409,0.9553939097454331,5.0,53.23
0.13352631579886892,12.654467876126342,0.7853414360120439,0.3918645953634261,46.737
0.1769585408715837,11.099934455986586,0.7268317078102333,4.305210782743508,47.882
0.15838080275307623,4.667852561050211,0.5876912685557345,5.0,47.392
0.23080407167176303,33.382937351873124,0.6039713260148137,1.8685743113102093,42.326
0.14099930481287004,9.035039116037836,0.8171359219234628,5.0,49.721
0.16843055811050572,15.028609621290258,0.6402476061449078,5.0,45.968
0.20384216362676655,8.392450444599394,0.6327062998267827,3.9693196387603265,47.697
0.15315410252914666,0.0,0.7951758388078232,3.8140332278139946,49.931
0.14725686365286,14.165058776361057,0.7960200085359653,5.0,49.53
0.22015161793202506,42.80646721556285,0.5509988789262603,4.225835097107061,40.181
0.16929735135310725,1.5624263973130201,0.8931873890688822,5.0,51.645
0.23810555360749303,17.96346764692493,0.63661329279872,1.032640834772689,44.09
0.17459685690926582,13.979163850145193,0.7435573900902612,4.893366668414961,47.725
0.15301551943217595,9.233133003433522,0.7579303400513334,5.0,49.135
0.17139713010015423,18.620630081876726,0.555718207315971,5.0,45.564
0.17709917099261824,11.133222372303628,0.8460015856152148,2.8717817814415243,49.784
0.17814699885938526,23.065864471238108,0.8730683526783388,5.0,48.11
0.13703080955342328,10.412676198722416,0.8006516167446698,5.0,50.153
0.2028173154520387,20.105869973785737,0.7013648960567462,5.0,45.751
0.2027687473442113,17.649095171660655,0.8394859434754387,5.0,48.33
0.1602924485520756,22.22999286750653,0.753049487853804,2.9816164228142874,47.347
0.15293113783008674,12.913269936490938,0.6605966586618501,0.2502748865730449,42.936
0.1595540655220011,8.408629156470717,0.9517232195329806,5.0,52.095
0.16287023119619748,35.219831160108605,0.7062363422890896,5.0,44.082
0.20923082698426934,27.63304498903657,0.5745811470284645,2.4022469986019326,43.211
0.15928711228915485,24.13089232549656,0.7723473707707966,5.0,46.583
0.1631645533760793,20.708011145656677,0.7695520290290285,5.0,47.873
0.2865002072320818,31.945961461553797,0.42521619635756297,5.0,39.206
0.17218208371710245,25.332562966437788,0.5097745540899881,4.3355374205274755,42.779
0.17444587888574709,14.473100263655699,0.6555735503974514,5.0,47.159
0.2018345816888512,21.506342874070562,0.562666183408802,5.0,44.903
0.21811456586891909,36.871809626792235,0.32275183365636173,5.0,38.826
0.14885065971321612,17.814214827745797,0.810118318033648,1.0456176623461526,47.304
0.15771234032169704,20.564322674741717,0.7196897332903804,5.0,47.127
0.14429275942463982,13.944316729887131,0.6184038395143062,2.6474286009084147,46.707
0.18841738193190097,20.221008060422257,0.677458772138458,2.8278022481307263,46.217
0.12142208821843907,20.72581209634633,0.6604720590051115,5.0,46.928
0.13261702865266597,13.666524040946488,0.7983450668743486,0.3940305766886104,46.585
0.2767042431618942,35.91966057700466,0.18814385741762485,5.0,36.318
0.2102279975800289,2.642278296478004,0.720587507233449,5.0,48.266
0.27138800802160773,35.359748952236714,0.4337532943759963,5.0,39.305
0.17892629228803175,17.29078778913606,0.5800945586583784,5.0,45.986
0.16152963067093815,4.169713957987122,0.7643866142915072,3.529654440184549,48.885
0.12286045124595313,25.926930789952305,0.6829258339990806,4.753818922469519,46.877
0.22050391682970422,12.993622540120471,0.6322105107295766,5.0,46.012
0.1659580906959489,28.611008806427986,0.5136371526200698,5.0,43.862
0.14993100395154177,25.40714349572083,0.6447072042554697,5.0,44.799
0.2069506771170292,27.27573511642766,0.5905781648393227,5.0,44.299
0.10945300135730981,5.69059981977195,0.8731172857235365,4.8753736068305535,51.362
0.15401636731364707,22.309697190719966,0.8925697202874747,5.0,49.5
0.19977654656675337,23.687583317656134,0.5232784743945877,1.7444245704442447,43.107
0.1,8.181623465433848,0.7211461016183875,3.0803782164685467,49.469
0.24086880400421393,17.852537504641028,0.5222045385832018,5.0,43.156
0.18421035062369545,11.488402396653017,0.729892641339222,5.0,47.823
0.16093752973239317,22.054333033290998,0.7649518395643066,4.365866953284756,47.438
0.21296017358184838,13.42084918805159,0.5649899110752412,5.0,44.848
0.20665334901980958,11.628940563979217,0.7125658938530937,4.222980329108792,47.324
0.1633283731663258,20.127708958314056,0.7029870317630587,2.678156679796181,46.482
0.18461063545174347,13.104790729940817,0.6870861469732885,3.280920636445709,47.596
0.1349938815244998,18.652315798382368,0.602243672151972,5.0,46.034
0.1898205573037011,25.746037976111396,0.8217689353750817,5.0,47.102
0.16407963144188584,5.480363533302354,0.7183548424418922,5.0,48.831
0.20136925569110306,12.400512685685927,0.67940895188929,5.0,46.138
0.16415011491070608,14.270879413234226,0.6910432783273946,5.0,47.691
0.17202382535653704,27.010903827027544,0.668021840621393,3.157155473704964,45.518
0.20595742994022975,12.315021651847644,0.7847837497443326,3.4929937365930037,48.39
0.1693874164848005,5.257342907618689,0.6782124686250727,5.0,48.199
0.2097102057873961,44.39277568240678,0.5136008288961039,5.0,39.993
0.1664709489779601,3.856549672957966,0.8122120042300877,2.2912844246607493,48.969
0.20398615888609212,13.33665525192433,0.8635268384074754,5.0,49.54
0.14448669841240597,1.8368540334187209,0.9658928554297632,4.005262472929968,52.356
0.14497787391932998,16.89889915270377,0.4283119372449348,4.556341646098415,43.855
0.25454352882342346,34.68868253666987,0.5825395380013062,1.2568641071722932,41.443
0.16035731499439124,12.255325868537938,0.7587630865786368,4.379469304626712,48.089
0.22857657528027142,25.106069363432006,0.5603318801167333,5.0,43.936
0.22308124381482852,23.775376505217462,0.5714443480669447,4.5210120679381385,43.726
0.15859629350347368,15.309238318004839,0.6112758234253719,5.0,46.554
0.24695909627731072,17.926095718070066,0.7174228251733629,2.6348840232714075,45.907
0.21385879704407118,25.206204821217653,0.8081477750124693,4.617575182855575,46.815
0.1743402877893084,15.214856437114637,0.8066045819634474,5.0,48.73
0.16556912236885765,18.161055613701784,0.6320728670457233,5.0,46.649
0.16579081351043842,16.03094836917139,0.5539184667312028,3.0054610918502296,44.983
0.12733097353099723,3.598741243646728,0.587092815360386,0.3666566565027651,44.953
0.22221615365626066,20.22655789463549,0.45393872923976714,5.0,43.112
0.13029788837985345,14.317709620663777,0.7861606796230224,2.0480873323646063,49.257
0.19758358681816054,13.43969055634385,0.773817242183196,4.6925537438938045,48.618
0.1787904716687731,15.412173111981264,0.6483787083122132,2.2717901463851176,46.724
0.18231932932571257,19.594701124267363,0.8244999674110859,4.031242097279831,47.286
0.21012311760883676,17.028315260582378,0.6359372982721239,5.0,45.082
0.13510956091731663,19.775539952726056,0.6355535653972473,5.0,45.601
0.1863808461535012,29.837209439972618,0.7374150133748167,5.0,45.593
0.1138853232813317,10.013279759105146,0.8087228978898747,0.5080081641255894,47.905
0.2048264906353029,4.558606708798015,0.7456283912952982,5.0,48.94
0.15485136070242736,8.455616962861338,0.7331514193857762,4.297141217830436,49.239
0.10848246258727365,5.356761559830801,0.7177863260229452,5.0,50.657
0.24489646532952536,50.0683286043468,0.5586695626899273,5.0,39.583
0.18896780990711814,19.30912026777695,0.8092775672562497,3.427056621161841,48.432
0.20714790303822864,22.02039618144852,0.6170137146704809,5.0,44.787
0.21586046295315592,24.64668613222712,0.7565634064821247,3.6802316334117173,46.581
0.19450878917277664,5.627581784565004,0.9435783549785957,5.0,51.431
0.2066033665792412,37.851590318960206,0.41226907260622103,5.0,40.258
0.25957095213755216,31.377884376561376,0.6004350342102267,3.21477802888975,42.353
0.18647767095291445,14.890451757308318,0.8980680947447279,2.1901433255235294,49.707
0.1,10.439280685411214,0.7356904207679521,3.968952763009538,48.187
0.1794357230005349,29.045110545857863,0.3441528618030303,5.0,40.533
0.17269459743755022,14.953021819724945,0.6029892158498925,5.0,45.933
0.14492731935174769,7.483244426473115,0.9385514991368783,5.0,51.466
0.17696394328023538,37.92362455743134,0.37393285291370115,5.0,39.2
0.19680881725149849,26.408726867429454,0.7164492834938763,5.0,44.927
0.16259029427210378,22.30667062990325,0.8029255170908942,5.0,47.829
0.17393305373709986,21.072542249905574,0.8493147308046538,3.5514415396019556,48.924
0.1563758556958854,30.41066818675412,0.8433161511284396,5.0,48.207
0.12456605939823814,13.358416612119829,0.6806437152629882,4.0964075893789005,48.508
0.1523714279188347,15.317335156185743,0.7146051176770352,5.0,47.806
0.2150388976532649,25.29450342700039,0.6709045014721159,2.7119487152287793,45.043
0.13984424836546896,17.545991708027557,0.8989102752179194,5.0,50.138
0.16239697120146873,9.104448402826264,0.8780870324958446,4.661638154180415,49.695
0.18585917526426504,24.97431137478417,0.550179701645619,1.7795259263918863,44.419
0.14028222283834538,5.787693548578439,0.9378943534374096,4.403556762408445,51.857
0.16345279941812946,1.627048086363832,0.8833226975603411,5.0,50.199
0.24682975633724133,27.320411308761724,0.46319340999065417,5.0,42.32
0.2006886000871355,4.690464702241785,0.6771144783598625,2.227399904951024,47.41
0.1901049624645086,27.023220793548134,0.6938329951905011,3.528014265453629,46.144
0.21104113389118534,29.83627433562139,0.6756685450490312,5.0,43.992
0.27549087051254184,33.77505399250707,0.3988176033044331,5.0,40.063
0.11220450347544933,24.214539940997994,0.8569572654642789,5.0,50.444
0.18114930868817825,12.920023741822092,0.7671905296156437,5.0,48.778
0.20663791751885413,35.78160116717312,0.5252006226890404,1.4654320478591576,41.137
0.18768808998228217,27.93361004939336,0.4655601096994567,3.219167825183707,42.476
0.22860965760024177,25.36544658600906,0.34263978309717225,5.0,41.387
0.13437828918025563,16.218339676116763,0.8470570982345418,5.0,50.367
0.15917160686504572,23.086389657034495,0.9854309916573718,0.8353614162204204,49.653
0.18999127629251739,32.248230119473554,0.21342107876083838,5.0,39.232
0.15478559226521535,14.964651900108695,0.7258540790388046,2.928263409858913,47.903
0.141615318095218,10.000644256165476,0.8755382990068699,3.7253848115804837,51.317
0.22761273743122382,27.169470616118122,0.6794267036036771,5.0,45.249
0.20637243099173566,9.807721392729905,0.6513275921812164,5.0,46.563
0.275179932254156,43.3827184456976,0.4249677242534151,5.0,38.856
0.15395999247093428,12.97334660927526,0.735520255665433,5.0,48.311
0.2025285193986057,21.026332503308318,0.6717726617275653,2.595229184563212,45.809
0.15261506132115835,28.29681571639968,0.7945477818627058,2.612400282394227,47.824
0.211725301644547,26.949890733733984,0.7351537202590763,5.0,45.453
0.15490247514838115,33.54783354282603,0.6801719590887242,5.0,44.36
0.1510201785143858,9.195361688518057,0.7661758417170464,1.9113607118231466,49.134
0.2001388491721015,30.418873882677737,0.709319289442838,5.0,44.47
0.20220787452377526,34.050918758569054,0.3149013959946413,5.0,39.214
0.14322515086589396,22.296592596911793,0.9123831991886234,5.0,49.248
0.15229675377928134,20.496186948160087,0.7844154512396521,5.0,47.563
0.13230413103998762,16.02589663421149,0.8358418853872,3.2126085227416548,49.757
0.16270541791985607,15.255666950725306,0.9399128525325174,1.3182795411536332,50.53
0.18821323374565269,14.382245411315727,0.6124463779428818,4.039495104812498,46.026
0.18836670272733697,24.084905753576628,0.2757376689928608,5.0,40.928
0.1,7.278204120033424,0.8568738431073116,4.305589422850836,51.474
0.18345058966923228,4.156345778515906,0.9465561183878857,4.829394574859497,51.895
0.20902241435193647,19.932281009096116,0.6246166334145866,5.0,44.18
0.2326380096888248,50.14679657558279,0.3669232809952127,5.0,37.364
0.18259024022559658,7.991726669772806,0.810269418850923,5.0,49.606
0.2647492438531206,38.291819975153004,0.3533961365381551,5.0,38.079
0.1724115767338727,11.431087918405078,0.5855587776540022,5.0,46.799
0.20075586911186777,16.076664380405337,0.8212142551359203,5.0,48.108
0.15394350414191216,3.4795736381714555,0.9039991333148304,5.0,51.29
0.14825635432987733,11.40229057272506,0.7115921850861824,5.0,48.631
0.1481026671247211,11.777942946894642,0.7658003713856969,5.0,49.051
0.219630119620142,10.023245507842745,0.9201926834680882,3.0831865505614533,50.58
0.18885107300478768,16.831005607945492,0.7519135180406713,2.2783952156629055,47.294
0.2623282000529422,25.23881053105483,0.6070861809532185,5.0,42.48
0.2369410580277471,11.628799573585082,0.5563532814495747,5.0,45.501
0.1890411865971151,16.647298381527275,0.7657156315014605,5.0,48.006
0.10916836396959033,15.694957077382016,1.0,2.189939412443954,51.422
0.15670761169120984,12.836583145540988,0.9340511364296689,3.978557450583916,51.67
0.20321347389767594,33.15734699806893,0.39452383258068807,5.0,40.514
0.1,9.862533417869209,0.9776482105212986,4.1792722396133986,53.701
0.1777585156380926,19.728454913283226,0.523902728005731,2.452502821691091,45.065
0.18997525251156902,10.96453317235608,0.7906994249774307,5.0,48.765
0.16342735013166315,6.288173334239457,0.6310973945685556,3.4985969796145557,48.252
0.12467904545692428,0.0,0.766423802636437,4.489805306818674,50.502
0.2331058036135347,18.522186257277237,0.600332115332274,1.711912125160139,44.044
0.24850774038239787,17.785528397283972,0.5681291028045288,5.0,44.462
0.1558834355937773,21.287959285230087,0.8101966323968727,2.8924363764031265,47.876
0.19018918619217676,24.272457882116136,0.5438098942456123,5.0,43.574
0.22488576819416195,23.760059654264104,0.6209636364692911,4.324517972226146,43.626
0.2578518034134345,28.201660768150585,0.6456032413713748,5.0,43.077
0.2656280040370459,33.07406300343502,0.3510428432448808,5.0,39.328
0.1717407562110238,7.393550938339089,0.6721418766477846,5.0,48.605
0.17282253312938203,8.886481471824672,0.6570664530517998,5.0,46.801
0.18780569911842235,16.386172916643506,1.0,5.0,50.572
0.1,14.02510586135101,0.8532636682289756,5.0,51.473
0.17899210477165692,19.449905492248497,0.5252439330922547,5.0,44.181
0.19974735779368272,17.26845663310578,0.4338919991302238,5.0,42.289
0.18731465478553455,20.678946718760876,0.7290527839877529,5.0,46.33
0.20026567033026507,14.060304916558215,0.6659844756876991,5.0,46.708
0.13047326140117765,18.74862478021099,0.8226356279032713,3.3531068197962597,48.789
0.20937748472104284,12.250903811255451,0.8757438039420091,5.0,49.52
0.16705155113044906,21.33107721203403,0.5860846936235071,5.0,45.454
0.19363727016584892,16.363255524721247,0.5664431133606319,3.0516155354608556,45.651
0.1634678605062971,8.668068464094123,0.6474732040019492,2.6059486761702457,46.317
0.13951304294794709,18.04062120932529,0.7845079539489598,5.0,47.711
0.1261500611239274,13.418162987515846,0.9053159929136658,5.0,51.502
0.16250794549197584,14.373062761727256,0.8603608507070201,3.6212216346840127,50.827
0.17507442303807036,19.63884228598365,0.7365826422270397,5.0,47.191
0.18904967061128936,32.9776086736909,0.45165421723646504,5.0,40.523
0.19171618556704384,28.450666846166772,0.42584514770306586,5.0,41.637
0.13107722920838896,12.761413267827479,0.8775583115929835,5.0,50.374
0.14702971153424993,6.9471909837618036,0.7211292056877646,4.132660503260348,48.926
0.1596586232919103,21.50285721892983,0.6840916948212654,5.0,46.487
0.21716200784623285,25.11547659012129,0.6974948921801932,2.3086734440093863,44.974
0.15971502705788712,20.792545437886222,0.6791751897326496,5.0,45.96
0.1837964157085214,14.704631739160646,0.7769767409419819,5.0,48.255
0.15037691849648327,14.99526179629557,0.7146583398220052,5.0,48.653
0.15869176460441747,13.462221486386056,0.9113444437223637,5.0,50.466
0.18788763940219952,24.584944990958753,0.6241599642946578,5.0,43.722
0.13669371206260003,1.7331119158269779,0.8549257254254655,5.0,51.313
0.17028345870277095,20.21619387521782,0.7010745492744127,5.0,46.761
0.1335058034949082,7.698769723587713,0.716531404755654,4.700562628502319,49.564
0.20483770680960103,25.065735703000648,0.6466877489848851,3.9147273159338476,44.679
0.10483559851399592,6.3289499640854245,0.8641410360100337,3.3276970740689302,52.198
0.14357133870535063,11.572142229726293,0.6128929685199787,5.0,46.249
0.15133128024852865,18.77952189278477,0.5972870952503503,5.0,45.977
0.14494726303947533,14.747854852823227,0.5279239187633578,5.0,45.698
0.12520159780331483,2.7104419284942898,0.7980115399247578,3.4142189486172523,51.134
0.2324277527754468,16.55114420484413,0.6214359815283721,4.445523479753374,43.953
0.18937654260252998,18.849220724611733,0.7404862195861197,3.826006980745647,47.381
0.17248947991847513,27.04855236016542,0.5547832225180257,5.0,43.541
0.15163159003049398,17.014481395246815,0.6710948113928097,2.4933775406222436,46.722
0.21371310442406127,18.012311815063715,0.8082217056643093,5.0,47.382
0.234926730413465,18.14313549195291,0.7533891342887995,2.455681788912978,46.048
0.12815206841803667,12.278456530698673,0.7204765669110211,3.1425473598883995,48.715
0.15111143272305858,14.839278482397269,1.0,4.170719853109497,50.707
0.15953719552701143,11.60359357440082,0.7937338928840479,3.926212327326903,49.103
0.10076238525867853,16.105763428138182,0.8238044766459646,1.0423816736360454,49.042
0.23506831499863218,22.923541762259216,0.545377160949905,2.682744195826438,43.579
0.13802252513559743,15.357289149468558,1.0,5.0,52.076
0.1900109296115635,5.769796012121702,0.7150492958084067,3.580867520532524,48.687
0.1893396972487401,8.902485957112907,0.8243920369369254,3.875500538388441,49.234
0.1360069295365815,11.33830296038785,0.8419165540287542,4.049982894422393,49.516
0.16647778702516747,14.48114495691482,0.553486435548897,3.311938787586561,45.249
0.2078422777084479,15.763001588001897,0.5784779625048547,5.0,44.538
0.22819082934170076,31.78973132575583,0.22050950058284866,5.0,38.231
0.18580567879149953,31.526159087413824,0.48126564175405545,5.0,42.299
0.19943555913843092,15.127921381074527,0.49091001689120595,5.0,44.615
0.13396231639021228,14.343886992329281,0.7686128825348477,5.0,48.947
0.20046815481011293,21.74848869026686,0.5512889608472701,5.0,44.31
0.1811388436665186,12.106838230479354,0.71473344588692,3.6431883357213897,47.649
0.12107532092649567,16.4182137406128,0.7459195901827165,2.7567684296196378,48.38
0.21622457796123007,22.690101799421726,0.5642627718215546,5.0,43.716
0.22054112355032585,21.94862212684572,0.38262487570888387,5.0,42.135
0.14126022281853046,14.92266542965972,0.8480801660811386,5.0,50.161
0.19191579727572416,13.724311374778084,0.9143178998819734,2.0889591075791047,49.335
0.184615849716597,17.376236308062307,0.669765617969103,5.0,46.811
0.22723318949261703,35.57270746674637,0.39362614663192297,5.0,40.515
0.23101928683569461,12.766136986502401,0.5733518899888206,5.0,44.545
0.17869629316532945,8.323269090657028,0.8224918488804993,4.035508258947502,49.831
0.18091858193524085,27.65619438848084,0.5583518006347341,4.630504359405701,43.555
0.13435918595706908,20.566674373523043,0.7789216173792356,4.149716411566601,47.634
0.12970688415815676,9.839818435649534,0.8145320424064516,3.888713382353033,49.463
0.15590130549007153,13.260648025023457,0.736244164414038,5.0,48.683
0.19083926926768416,13.37704493042886,0.4793827314954673,5.0,44.482
0.23916159113795482,7.468561786693019,0.6699159851699812,5.0,47.658
0.24480756952989707,15.178060487381996,0.48329238041674993,4.57267905731115,42.484
0.19579179184607942,6.81354065462039,0.5611056996008303,2.606351478095602,45.432
0.12858311310709847,17.918152696566224,0.5901890536390005,4.413402698283223,46.325
0.19444694492627052,22.40546669765589,0.5846366103813341,5.0,43.559
0.20893744484466847,26.99695502431942,0.30567545573482907,1.1129398064031222,39.286
0.2189707070906356,27.246829537023594,0.6629834122049996,1.4579529761430758,44.689
0.11595198058200454,4.838009105219049,0.766832358196581,5.0,49.568
0.15733598356074058,21.418787885437304,0.8269519011984537,5.0,49.616
0.17947316562183696,21.55285815287241,0.5232280194869221,5.0,43.984
0.20564804001604814,19.669635115900384,0.4765487053435252,5.0,42.95
0.2373615156121254,11.54387243570962,0.4186941466409641,5.0,43.424
0.1643739630861591,10.804430976530265,0.7118204758275384,1.5548475794516219,47.355
0.1809077479372676,24.621910183296922,0.9448692502380486,5.0,48.75
0.2422766963360831,25.684970076481356,0.5003634501012044,5.0,42.594
0.12263689044813478,20.58086801785322,0.602012945479306,5.0,46.042
0.11141038537545095,12.009552152014969,0.8057654253738908,5.0,51.013
0.14005130669962407,0.0,0.7992300021128284,5.0,51.134
0.1476126389841625,19.133332378501258,0.596100984565205,5.0,46.724
0.15708595622918314,16.78017196116105,0.7300053348523158,1.2091097908904536,47.393
0.1561487775206455,14.288697920917894,0.7562027956713668,5.0,48.851
0.19331326052108191,24.84924751878413,0.5444322234665023,3.1702420823845836,42.155
0.15150009386140756,17.54178108705494,0.9008256721066946,5.0,49.795
0.2065891712738077,13.14502518311394,0.640238424124145,1.4665184703870608,45.337
0.14480777309760667,17.316303028637694,0.5978599298357576,5.0,46.495
0.23398808052643078,23.46648417380045,0.7595539679910619,5.0,46.01
0.17722633052878117,28.441114821571247,0.8453949637250606,2.119784669867991,47.089
0.1651462879090608,17.075611603367186,0.6935825666237991,5.0,45.819
0.1432405850366108,15.830838186110666,0.6654665639597079,5.0,47.147
0.16962654178465186,12.32791885527214,0.6483974804806609,3.7182586527465946,46.927
0.26858042964819023,21.327949011226607,0.7305828196403068,0.8656228307265127,44.328
0.1965850282846536,6.8793823072677025,0.7784068866239701,5.0,49.523
0.22102770705515987,25.45783585669803,0.4743213655294284,5.0,42.009
0.21098418792068774,13.18192855430311,0.6823317340731659,2.77055564883125,46.749
0.1718293533000863,21.321903602294473,0.6093385310644256,5.0,45.824
0.28253152896938727,29.270893535482625,0.18986599105690882,5.0,37.966
0.1892553758264292,9.90761077231378,0.8969706941955243,3.389604146559447,50.113
0.19989713363105155,6.774119638770075,0.8106546391279899,3.4206454060564364,48.946
0.14124624362706173,8.883670110514817,0.9889106613428215,5.0,51.979
0.1165587246166519,12.977857684764386,0.638453975045842,4.648693109974302,48.18
0.1988220227682117,20.265792472503282,0.48353071618570453,5.0,44.008
0.19215112913811336,13.663257502346685,0.523042213732655,5.0,45.797
0.14737899136367538,5.788246053125783,0.8697275748445965,4.002039659389491,51.353
0.1698484060746222,17.937704691974183,0.47366019590818376,5.0,44.271
0.17626716560545322,24.768412268762766,0.7402323083682952,5.0,46.453
0.17700280968898385,13.011987267498524,0.9069658794342369,5.0,50.773
0.1509133184207811,10.113361523796653,0.8835798864241373,3.5315412965529216,50.576
0.2004728082375601,21.92192850547623,0.8679642755410948,5.0,47.371
0.18291558396606944,27.04293087580386,0.7028498617040378,5.0,45.46
0.1883310541541644,7.457830912610753,0.7635490646881848,4.598419188143381,49.412
0.15234300849447585,19.73831641955864,0.6726565747811324,5.0,47.117
0.18374474272380734,13.826426497754442,1.0,1.7204091475292485,50.916
0.16806614966596586,13.0326329641911,0.9295979193794721,5.0,50.871
0.1905465958114309,21.524371089498832,0.4541255975204289,5.0,43.767
0.1309771278149861,31.571230713489157,0.5495289292141883,0.4021826336520229,40.678
0.13580431911500113,21.198870841624114,0.9281231753921937,4.920789399586708,51.762
0.20576088131385897,14.333170251938736,0.5608120905447521,3.685857909976098,44.936
0.2882529107603106,29.03018288225333,0.43999963691783806,5.0,41.494
0.18343726400353477,2.1445710692584754,0.8429629205350161,3.6188553957447827,50.804
0.13816268395907197,9.539146043337551,0.8632058346906353,5.0,50.435
0.13944816265986243,11.273985797571212,0.6575050479881219,5.0,47.442
0.2712920986477796,30.270531140758752,0.4406035825618433,5.0,40.388
0.21813112524803155,24.127862126832873,0.823103181300592,5.0,46.26
0.18979081463112674,23.81279788604614,0.6191849799802893,5.0,46.001
0.24693787638930434,22.633375802644697,0.5155055837363525,5.0,43.066
0.12463400108043621,0.0,0.815203629223397,5.0,51.344
0.18105277862392838,16.771864983877695,0.5371393539406816,5.0,43.599
0.16048327763439263,11.200290009241861,0.7032719047309611,5.0,48.139
0.12633079647517073,10.176626325135562,0.8159743725681364,5.0,51.096
0.14486766592732,16.469410601483023,0.6874205877299183,5.0,47.315
0.2346758943858766,29.750605695573405,0.7227776313333392,4.495880369999385,44.836
0.26233598813184905,40.94682842838064,0.3552657829227092,5.0,38.389
0.1940961443845673,10.361609646644933,0.908369500392502,5.0,50.755
0.1015291750320885,15.766006852446353,0.9525623456841215,0.032593108109578495,43.124
0.1425304219589115,16.762963253054984,0.8802390115754297,0.3951311544617735,46.161
0.19953821818788628,24.079537838468745,0.8297187239628534,5.0,47.513
0.16474187196220608,7.98175988154887,0.8896961718775899,0.43373764510392276,48.052
0.26874116791590485,18.86800614843476,0.5818284450766726,5.0,43.68
0.14029020114674623,24.25523332466333,0.8942558931644112,4.544781339966701,50.374
0.1599010530615424,14.139157681256709,0.6705270163628559,1.503140372309033,45.925
0.17326610789972724,26.035440667076436,0.27672253563562643,5.0,40.635
0.17196105180589466,7.5913110906980386,0.8853747752427328,5.0,50.388
0.12622044630554716,6.729059597749892,0.9102320251381969,3.7192183737220255,52.033
0.13635804207757182,6.747286468332851,0.6744730484052942,5.0,48.746
0.22585819976742896,18.095567117465052,0.674599325882752,4.136372901610923,45.708
0.1157617646592362,17.521961530307053,0.9160322886714432,5.0,50.043
0.1542892605771281,13.680755156077439,0.8569642493831184,2.2286369805297377,50.032
0.10599713049361632,16.03623375157711,0.7838540661752159,5.0,49.209
0.13413811273158588,3.459504447062752,0.7411457822393769,2.2537438365693334,49.775
0.14307247252181543,18.015185169925836,0.6703037712183703,5.0,47.672
0.20178271255932448,13.65114321005873,0.888688041061057,5.0,49.262
0.24794780678727502,30.26014273378672,0.5040876247433344,5.0,41.967
0.19297712468211484,8.788982124156288,0.8750859659279574,5.0,49.95
0.16396279148356652,12.720568167948196,0.9007384505378702,5.0,51.324
0.10348771310846866,5.764632999858365,0.8757054382496127,5.0,52.547
0.1,19.910985648959183,0.5499494750139632,5.0,45.512
0.14589901139698003,22.948008011894842,0.6424845470831918,5.0,46.628
0.25130171548080693,30.694687419764506,0.3966033695793184,5.0,40.395
0.15410590285383705,17.538153897626287,0.8994134450101836,5.0,49.553
0.17455801291242118,25.496256494032046,0.5406448180975605,5.0,44.322
0.18258516491588492,13.12600657758701,0.588609489732046,4.102846243468256,45.643
0.15992242075828078,16.80936292213271,0.7920576098214976,5.0,47.814
0.16658249494160443,9.828726381940854,0.703389228913775,5.0,48.676
0.18809977673929842,12.007371630296284,0.7093997808305718,3.281461809954095,48.042
0.21330427651638825,13.615522265220065,0.8123455427814119,1.5453523599841672,48.129
0.116205942773001,1.7998292130411242,0.9043612483069841,3.7190898055364285,52.298
0.19161873765387605,24.055209213543872,0.531324834914934,5.0,43.628
0.16670708128224945,18.372941010346825,0.8000330182337091,4.743839884736346,47.985
0.15637333685884142,25.36315723616383,0.5176205501486841,5.0,43.665
0.17467719237841434,8.759990349207792,0.8928302765900481,5.0,50.1
0.1285035539793113,12.801080226694111,0.769270337820209,5.0,48.206
0.13784219168356956,12.062906127108306,0.5083178684893599,5.0,45.637
0.1831300185275342,16.434591641529924,0.45394940461264915,5.0,44.702
0.22253379168127616,24.968812066969363,0.5610471485640155,5.0,43.952
0.19097000588836538,29.413376931715842,0.5059756587870116,5.0,43.136
0.20841737631448123,16.472258325798112,0.6698690211999772,2.4288084615259145,45.938
0.20188485333749445,25.52365774129294,0.6654336297645841,5.0,44.408
0.14266089415988753,19.18099694195154,0.8154154502428873,2.1446755072274977,49.096
0.14583220131361396,23.74197566222416,0.6759552101767281,2.86893068022487,45.658
0.1288977840173619,21.6530879658052,0.7712288370295751,3.438259681384306,47.715
0.1720715744740163,19.472770898103004,0.6984460015030001,5.0,45.607
0.1972092065006513,16.44777118353588,0.8085504486119655,5.0,48.462
0.1610093685575332,27.72983100577275,0.7511998640900257,5.0,46.456
0.11195540934173731,12.31683139205563,0.6236196674393093,4.689083584643459,47.656
0.216773881592701,21.562519697472727,0.8098703812350678,2.9094804202824176,47.989
0.16673557623279978,8.812355168616797,0.6511608452824933,5.0,46.539
0.16600838380687724,15.108837467103765,0.6711688650760945,4.1985022712817095,46.683
0.12066402669793669,25.138337026239302,0.5479575181234819,5.0,45.292
0.22221783258679906,26.677711834853255,0.5478439902423019,2.590040491571567,42.408
0.17443395525003952,32.389956568670996,0.7103426225496184,5.0,44.396
0.22558039877348016,17.920208672027357,0.5982397438147756,5.0,44.29
0.1608678372906684,29.841365800141944,0.6169527226909702,3.300212298193215,44.807
0.19018048125792014,22.974031782317397,0.6027818655547345,5.0,44.75
0.20048963824115,17.523735685342373,0.7215427030664892,5.0,46.27
0.23229007946994956,28.88786464699151,0.5721851694531856,2.737132011619397,42.2
0.2208005043456449,10.312940481324958,0.6273809197288291,5.0,45.594
0.19031958844905045,22.597082792640297,0.7077711911947162,5.0,45.915
0.17698436995995664,23.767485135765995,0.6081513926609158,4.910911412640999,44.868
0.1528320842499507,21.924411954117446,0.5985916734227514,5.0,45.307
0.18771076270203,22.107773194568225,0.8149032086993667,5.0,47.618
0.1839647444720041,23.357178145081168,0.7121649581392185,5.0,45.362
0.18900818095295763,21.121373156583633,0.6397289187617395,5.0,45.58
0.18609932296067178,24.986665341110402,0.7480275769207967,5.0,45.598
0.17962335755149988,15.608593167090463,0.5329096394871975,3.57680118738773,45.945
0.18658623647477487,21.75111683788385,0.5101398886423292,4.038558999036662,43.914
0.15000351228616463,18.236836408961473,0.6589088237396468,5.0,47.259
0.10136954447312915,9.102512859135885,0.7565671398019179,5.0,49.695
0.1876329626312468,14.399815463189187,0.7579214270118156,5.0,48.486
0.165289098283534,12.92960248174299,0.615865577016608,5.0,46.722
0.14270332581383954,11.143069010547148,0.49991305773424943,5.0,45.676
0.1443939835233763,15.10427529684724,0.743257867580795,5.0,48.654
0.15284786371172726,16.07489145536951,0.6816948876382597,5.0,47.593
0.28092987675023257,30.16809526571899,0.5869055336079727,5.0,42.812
0.16168354570762747,11.745308582140574,0.858323344990339,5.0,49.921
0.17169687944726592,21.058463316766435,0.6825305940791693,5.0,46.985
0.1,11.548369367583204,0.7597732813137018,2.7234638452948396,49.566
0.3143852694692179,37.968912023006126,0.4087387183848152,5.0,38.565
0.16496982163025742,25.407378843943395,0.6664065764733156,1.9670290545302156,45.456
0.134919081752914,20.14738452917367,0.9725102897092296,5.0,50.194
0.1,8.906896769520902,0.8440614081140387,5.0,50.905
0.19449620711498822,25.17130125182726,0.8430550087947613,3.8846260337117857,47.329
0.16356034628304295,25.934844324016876,0.66013749624422,5.0,45.298
0.18669081977807847,15.104617211366516,0.8460521355280326,2.169374265467843,48.928
0.21723947095079935,29.894397948566464,0.5960600617683107,1.3829291036194509,42.972
0.19192039269159447,13.406441694142856,0.5112222901973512,5.0,44.759
0.13849932483173635,9.03540530034552,0.7261883130934462,5.0,49.531
0.22015459506090307,29.958008573311474,0.6332115726075207,5.0,43.76
0.17991285667712753,10.387424592772728,0.638100296862493,5.0,46.514
0.1613918498926744,10.650316178902319,0.8365921495053312,4.1729385301491755,49.593
0.12689358511724622,18.08407931237094,0.8187647569113092,5.0,49.444
0.16239208489038198,10.510889959213076,0.7942390529299672,5.0,48.884
0.19546297483733363,34.76872771633851,0.3216670417731674,5.0,38.968
0.2094776961456764,35.66210817444538,0.38744827918930974,5.0,39.589
0.1711919266379148,12.624734052232668,0.9251918740658702,4.950334682377552,50.197
0.15645849812402274,21.94326305545171,0.5132697890780292,5.0,44.128
0.14892344271704128,14.304580826081807,0.7346744713825879,5.0,48.581
0.14605824723417327,21.859472452727424,0.6912025625987854,2.3084511684826996,47.173
0.14168887076017972,19.45369021288758,0.9193832315986677,5.0,50.05
0.2227059611568784,7.018229233751385,0.7357101856523536,5.0,48.099
0.16196700965922392,20.087475083696816,0.8261149858969344,5.0,48.894
0.1582103749915813,26.262833098915152,0.6407963915078785,2.799302069854043,44.276
0.23487503505026927,13.283948877910126,0.5483491418750788,5.0,44.3
0.2709464097668448,35.01113327666862,0.3069969848014467,5.0,38.964
0.22339581133469452,39.305682906948704,0.3638654760550064,5.0,37.976
0.17784506047406423,17.654886049208052,0.4900932539205764,5.0,44.679
0.18625478775726012,19.752234629616886,0.6130036830861134,5.0,46.454
0.16755241866227827,18.246775723040926,0.6519333667844703,5.0,46.443
0.17322518205400209,15.907604163633934,0.6348503860449435,5.0,46.534
0.1900459795125208,22.649772628119983,0.6647583305018171,5.0,45.508
0.1996818863158855,11.942348501590324,0.7218516041774581,0.15596861154895714,40.931
0.13244572965327328,22.579398620709785,0.620872111811456,5.0,46.506
0.16721514253695954,13.23727167006657,0.6870393974753873,5.0,48.227
0.1,15.713462144733537,0.9613657155652325,0.0,43.361
0.15844017054825243,7.410968314489265,0.7076060566202361,3.42047922414955,48.091
0.19814688061171432,7.6285451543201575,0.5392835837000526,5.0,45.455
0.2649682455812204,23.253215165689145,0.72480109676336,2.687799117700082,45.354
0.12518618800448555,24.573503895364567,0.4917218998352857,5.0,44.962
0.11371505421782073,22.20560605963631,0.6711586514377554,5.0,46.94
0.17039515494586893,8.679420717982714,0.6682280100205322,5.0,48.161
0.18132023779519868,15.983896402271327,0.8281676874242644,0.0,39.859
0.21243845615179327,15.202129057363013,0.8067987147385521,5.0,47.97
0.1345944073642086,8.879338239964383,0.8323208301631176,5.0,50.563
0.1792950683758239,17.906520073066265,0.725706520254835,5.0,47.59
0.2776685482024009,23.480785462476536,0.4853152050125875,5.0,41.372
0.13493414930473532,9.84297169337162,0.7580594008487024,4.858866984948342,49.34
0.2626039536052356,32.051100668936584,0.23099276786616188,5.0,38.349
0.13241554938227876,23.77117211565461,0.8420096621587512,5.0,48.087
0.22406233175231732,37.38948730509974,0.40576054023289276,5.0,40.536
0.22729764446664616,24.81121718713879,0.4015929662817896,5.0,42.016
0.13325852896796317,19.635383347025996,0.657910961794379,0.20803275214872835,42.356
0.17982041491300751,16.023328342125648,0.7341816789589501,2.676813019337886,47.682
0.20079590537824438,8.148381553317746,0.7929601968705442,5.0,49.052
0.1699987803000954,17.91073332843321,0.7542549078366085,5.0,48.448
0.1753821043907777,27.351627688336297,0.5994644232813661,4.109582898792507,44.28
0.201726333498837,24.01449045861262,0.7570856196145194,5.0,46.865
0.20308329602478478,12.838717172944545,0.6581772760138226,5.0,46.379
0.19380666039501585,26.98936746412635,0.8416031326008817,5.0,47.14
0.12839883347554323,24.825282677373714,0.7387876081340558,5.0,47.198
0.16300859823238287,17.172446485964112,0.864929390453118,2.558529553693336,49.224
0.13623160653426358,5.941435390720226,0.7611502666780002,4.0820031571900905,49.323
0.14146034241410588,21.191319374337205,0.5939782129867207,5.0,46.446
0.17930266815849363,7.4390848968216154,0.6778429843505813,5.0,48.095
0.21804149205560766,17.533340973185922,0.6790412453617474,4.463155439607478,46.245
0.1472662188332459,11.807541094705785,0.8643471617984713,5.0,49.869
0.20218523891416143,10.722550450372275,0.8183190645100891,2.408303091776351,48.288
0.11776907847016535,22.135172895133508,0.7793473718150803,1.5556629836527802,47.722
0.1376653512222929,11.216304460079268,0.8591731301967533,5.0,50.585
0.16638974006868013,16.035230739062317,0.7768117761022706,5.0,48.061
0.1694195431006552,13.762486694125249,0.5322302558709886,5.0,45.196
0.23625179987961553,27.781773932242665,0.5155477136114377,5.0,42.809
0.19095875354552452,25.278618611252153,0.7039243385953341,4.050403519095682,46.368
0.12494171175312245,10.456024080903969,0.6380614493825681,3.694008202920397,48.008
0.21495057700061104,25.57154313593788,0.9053132799380397,5.0,47.985
0.21372876397677817,26.021609948722144,0.709924224738358,5.0,46.393
0.12950889926934522,17.885242093164845,0.8709897088544281,1.089280581856895,49.194
0.214199544181394,22.32771777755414,0.7976755799936274,5.0,48.439
0.2216241947770929,19.74516845959455,0.6163698879616858,2.120481917540534,44.333
0.1300609686191351,11.565762309893765,0.48817078925835816,5.0,46.807
0.18497613410979652,29.402490445449885,0.6549080840562542,3.224932496347114,44.752
0.19781084089964454,36.595520181504824,0.6403666650797672,2.639503688194125,41.554
0.16313557911171556,12.742971137898726,0.6045592118992182,5.0,46.428
0.17673805728192613,17.767872218813178,0.806108949017119,1.5584000062412602,48.259
0.16359574007493916,14.750489631453997,0.875557711719057,5.0,49.703
0.1804784063206769,18.731743582416833,0.5845070394054762,5.0,44.52
0.1668254523714041,10.401207037792215,0.7804785885842928,5.0,48.522
0.1721964281373477,24.60650200021,0.5710591457036867,2.9959242713766616,43.957
0.1595894933817259,10.345258484484766,0.808112661114397,0.1756518613182274,44.66
0.12019321326918117,12.194428277159268,0.8200638216067646,5.0,50.456
0.2814611757656118,31.089584161637017,0.5749977390795598,5.0,41.928
0.20579571314672307,19.625595655608443,0.8101361307629532,0.5592549710518238,45.055
0.2737720630123602,22.66429495909991,0.5037982704316601,3.4063046609959615,42.192
0.2509537356759043,36.91333294021064,0.319538265939347,5.0,38.624
0.1465681922438484,16.981372396951578,0.6812245576170904,2.5107330491168893,46.841
0.18358789852806615,19.926224143350833,0.49735953891535395,5.0,43.978
0.13881495890746892,18.71463487039177,0.8256285306779977,5.0,49.385
0.18266067754081472,7.259002968805263,0.7232375498330615,2.388449840530139,48.017
0.1652071874771101,19.676942139723614,0.7801020756384658,5.0,48.532
0.16734372391016314,15.268845765441112,0.7382715880081283,5.0,48.521
0.20725150018635607,20.107983396494912,0.5552137787675541,5.0,45.031
0.14860017137417542,17.78056737688192,0.5082295394394556,5.0,44.491
0.1980554473582785,20.217728625553395,0.43612916644968563,5.0,42.281
0.18241020529806118,30.376417287040944,0.4486047499817708,4.3534097367078965,41.291
0.2796829046821964,30.382752005791854,0.21777002303050216,5.0,38.138
0.1465222597171072,9.152022543522095,0.8160340261081513,5.0,49.944
0.20202932660453973,21.504547853814167,0.5858093443272671,5.0,44.739
0.17492264798341697,16.01016459354142,0.6860609490822628,5.0,47.643
0.1384880097108703,15.99426230623302,0.6817420355072595,5.0,46.459
0.13637622827001658,14.130737154850532,0.7094443002164693,5.0,48.112
0.1,26.017501927282325,0.6459478136274417,5.0,46.021
0.11984089825920201,10.26487033004081,0.8737827960272555,4.4781143537640755,51.266
0.17917580960830337,9.082998497779723,0.700599260944449,5.0,47.659
0.1273299772273149,7.368319375236954,0.7655172401970499,3.141453710365404,50.297
0.1724762917994406,23.87464222263274,0.7507586935260104,5.0,47.186
0.19910623211626283,33.789603076842056,0.6038674803498278,2.3824989447507767,42.155
0.1336623753240543,12.120936205633797,0.6368076329807288,5.0,46.348
0.27422491616823796,45.55809208931397,0.34568520350067633,5.0,37.116
0.17735493901500057,9.112033100917195,0.5590828843499783,5.0,46.168
0.16383872700611124,5.691261643806115,0.8327158931352543,5.0,51.291
0.1870857131452225,14.213625298986075,0.5333125065362011,5.0,45.318
0.304290210725174,37.98895504409501,0.39865484750919583,5.0,38.773
0.23384785518984524,24.94670145469604,0.33621332210903243,5.0,41.315
0.2022098786362868,23.973784229368356,0.7302166682339529,5.0,45.896
0.11975955467337088,21.330444553603886,0.7565828215632081,5.0,48.131
0.15620411746419535,10.052366381651401,0.8760229645046334,0.14638957942867004,46.197
0.12159403349708992,9.684902368593129,0.9330347228527978,4.577883471071148,51.946
0.18282623228363046,13.267428527726915,0.9226235783461392,5.0,50.508
0.1939853037082353,5.550553980235804,0.9959883024479405,1.520332010762033,51.275
0.16886879090583037,9.29906330377354,0.6909816258115364,5.0,47.804
0.15782261727898633,29.621021090840458,0.76453142704481,4.22429850316774,46.142
0.17814281568414742,20.181871681820194,0.6935895402781572,4.3504452415294175,46.482
0.2396031602244112,24.80320426852835,0.7482362816573843,4.118911495867392,46.05
0.17366451460057936,3.7911419579212655,0.8040810280484243,2.582150426481179,49.657
0.2497679748846011,29.243117858555802,0.49589104670717027,5.0,41.188
0.12818027238596733,10.061234402741603,0.7584616949893568,3.7459193381055607,49.683
0.20405363979605426,34.56997276173768,0.37963118730875983,5.0,41.144
0.17668524606763386,7.511345986011506,0.733202493429598,5.0,48.565
0.20562196883319353,6.820158185193689,0.5906087295907861,5.0,46.447
0.1785851758672178,28.34704859020405,0.7898822739621261,4.887208249021662,46.254
0.19464765991043664,25.216442707807385,0.5962470231025654,1.2094785673591446,44.067
0.1329518054484268,0.0,0.8057858920968722,4.7551499942546736,51.064
0.13009294666799687,8.126190786146154,0.6446919430347797,4.2627594552633985,47.712
0.2509881386919753,49.09582292866824,0.5388316057620409,5.0,39.663
0.17016951549587414,14.221894177538228,0.758871582294855,2.7296944568781667,48.215
0.21555705700507197,21.311766812804038,0.5855908468515446,5.0,44.595
0.1959062691885674,16.613193774236148,0.8334856391155306,1.6719704965619706,48.092
0.1911869609837163,6.592079349493435,0.7881952132012442,2.1145936279031945,48.903
0.1510398687978081,12.231566004015663,0.8591166057021615,0.8791393117670298,49.562
0.18607448386114492,12.561745436720916,0.7702026670588594,5.0,48.435
0.250006247088114,13.898094440874079,0.5633257508397488,3.381014869743941,43.936
0.11758076928927716,14.736891025786642,0.8265611182587234,5.0,50.453
0.1991648218304266,17.107065420997536,0.6808281429067033,2.798206157867647,47.22
0.19551869338637065,18.126928416533353,0.5561161220338139,5.0,44.449
0.18249969142349692,22.60406221187487,0.7206603924230927,3.723603619703745,45.79
0.18232370289594904,22.83462389526803,0.6262318755082228,4.153075614495861,45.267
0.14286261711464482,20.52293254118606,0.7686473905782852,0.3370480902874803,45.356
0.16445974414920084,22.040582689804346,0.8432454021753073,5.0,48.221
0.1949488945571384,19.408547819833068,0.7149182679833088,5.0,45.978
0.27810439028074874,31.21885303961905,0.28771534719511216,5.0,37.783
0.1639796189009791,8.473494656248764,0.6082180264234551,5.0,47.407
0.2335019346073468,32.14927501572737,0.42754089651924704,5.0,39.979
0.22264025948695929,20.147662807813564,0.539503319637509,2.1579586803190054,43.113
0.17094490709535692,19.365535361800177,0.5577545141982129,5.0,45.197
0.2509269402607186,33.29830599431972,0.3895722211006876,5.0,40.42
0.1,6.926190904461033,0.776103404877628,0.0,41.968
0.16813052702084433,14.652050442743661,0.7827854380127193,5.0,48.772
0.16611247255210804,16.600282942169414,0.7103956373745596,5.0,46.987
0.16585732673521583,14.132474601704539,0.7450586148702258,2.2975980040566886,47.603
0.17112784956996338,35.140768744933276,0.580401912245856,5.0,42.642
0.1612176523898835,21.568010046859566,0.5576398575444278,5.0,45.802
0.1,7.184433822644168,0.9866487374830797,5.0,52.914
0.232913354489441,35.52632941778299,0.34437217084856064,5.0,38.609
0.18637262090462695,25.053934430202073,0.6851568549711208,5.0,46.002
0.1370973411719441,14.519407637432755,0.8827159742850456,0.7657694968167823,49.173
0.13630533062816802,16.486754986979115,0.6974652782601098,5.0,48.24
0.18402398218643443,6.732063209161559,0.8009839039598486,5.0,49.348
0.2266028721316793,22.96671119379755,0.3745707768721382,5.0,41.969
0.19964758386083511,25.909828460817963,0.44971979885105373,5.0,42.757
0.18398713397871722,17.658558041053556,0.6621591942766195,5.0,46.777
0.13728713762418748,16.91415126867282,0.9218502822676308,4.249716943775218,49.715
0.20789108017226104,14.989164027652448,0.8733787609840133,5.0,49.416
0.19303535681900724,10.917205013777416,0.6951058967555435,2.284329393434976,46.8
0.20798830398063875,11.71597453468944,0.5381154245124125,5.0,44.9
0.17754665509190531,17.625988013447135,0.7073509141372152,5.0,46.044
0.144128778470792,14.464399431885344,0.8716718301220221,4.898591869827649,49.9
0.19318779323063423,8.518156859147552,0.646148247115922,4.150066288998294,47.037
0.19767286370698756,19.808403430797632,0.8269358122992259,3.312632603396861,48.081
0.12029811453581579,7.225403927992753,0.778406312914936,5.0,50.162
0.10139370412045652,22.641527593519186,0.6375292157889311,3.5149932710405256,47.121
0.20510608722945053,24.675734530833658,0.6047392094940259,5.0,43.931
0.16264995015900077,5.365932143270074,0.7642140536950534,5.0,49.514
0.16954701124498583,21.82586969640659,0.6655300587478096,3.827887817869798,45.943
0.18641839031949664,20.017337557469467,0.5046667086278169,5.0,43.238
0.20117023768061698,30.345707412257646,0.6299946450002747,2.7008271832921227,43.492
0.11317816446786581,17.08621806369291,1.0,4.063368615763824,52.166
0.19164917050597674,16.50107683951184,0.7247426138647772,1.973924629412109,47.152
0.18522600275622725,18.53493238863513,0.6443296362109742,2.5770180304265864,45.886
0.16187696037492086,14.777125580644327,0.5760702973615068,5.0,46.026
0.1366461419911351,14.260041711301241,0.6441983625723916,5.0,47.688
0.19938193442081464,26.479229777643926,0.7141793222984434,4.415780135943235,45.679
0.17259504677327323,17.966088340953384,0.5744163580420053,5.0,45.133
0.11867216669469956,0.0,0.8135614093863204,5.0,52.176
0.20824976665729247,27.303510929978263,0.7908709731147521,2.9772264318591004,45.999
0.11828261705045143,16.795264883739126,0.7304731251608589,4.814661862888525,48.057
0.2006835048060238,19.448439190310722,0.5549319061285704,5.0,44.116
0.1598864900894051,23.637476170578015,0.7503450514982208,0.320485045064897,43.096
0.1,0.0,0.7078507962901186,3.5482704075932943,51.051
0.26108338259927805,36.73415082834352,0.3361326035533585,5.0,38.638
0.18312407248091178,9.870098231132229,0.9448576268802568,0.046354691495627987,44.038
0.21501026382136088,27.820698702567558,0.5482585907205346,5.0,42.65
0.12678542089621134,12.025183323970703,0.6256771222242172,5.0,48.389
0.1824029325441875,13.125293419112264,0.958815882173307,5.0,50.729
0.14657689644471777,13.373760279635471,0.7425941288410765,2.2778436398446216,49.281
0.20329002994179934,19.619985523182354,0.6607698437722428,3.830628289759446,45.644
0.16254527348332204,19.901557183503115,0.6741806061678067,5.0,46.626
0.15885666627162776,15.307604164205879,0.407613305865124,5.0,43.956
0.22830924457738527,11.452018590591916,0.8483816589656608,5.0,48.515
0.20072000486964708,37.497943516903504,0.3891217919535196,5.0,39.953
0.20123820347750543,8.198368487556252,0.5258128779686262,5.0,45.622
0.17040341234214904,17.62780710676742,0.8925497447540276,4.023501614711675,50.026
0.24780691005476593,25.74000147505833,0.34668982864268894,5.0,41.575
0.18982045687915952,20.86267254291208,0.5469959961804606,5.0,43.827
0.18217846505638174,20.999795994681662,0.6638291213695356,5.0,46.248
0.16193353015501347,29.799845787046607,0.6348464843552838,3.7044756648271706,45.169
0.22774512898746374,20.921256915466927,0.6340842844629858,5.0,46.162
0.16713821735816148,20.739882158903935,0.6658702053017651,5.0,46.793
0.2628787598508205,46.0903442672391,0.21631816958962982,5.0,35.196
0.15095918083136042,8.963890322471585,0.8601369629382021,5.0,50.314
0.18483988626421108,16.24166320834877,0.5369316033139423,5.0,44.775
0.15520179988588725,11.313853982802705,0.7758622459118975,5.0,49.223
0.25557757391593217,19.251933541695124,0.5232968712498866,5.0,43.262
0.16660823914738987,39.01556638678448,0.39317804545145785,5.0,40.27
0.1666171328222602,26.066723774031885,0.6698972347862819,3.252049803814829,44.874
0.20550542056910961,17.465786980696272,0.7145026097409587,3.4431442066483684,46.982
0.18416038083257252,2.2353739198585085,0.6957109523277631,5.0,48.419
0.15723900832803248,10.543271123401233,0.6614170586699367,4.650535903696455,47.652
0.21889285271444925,16.332921905246806,0.37394348770109825,5.0,43.195
0.10690274989470494,8.514520976820506,0.7480370858993193,5.0,50.114
0.23104275024356483,33.050187292627676,0.19005094529318112,5.0,39.115
0.20258439103630338,12.389182592133562,0.8340667312965891,5.0,48.42
0.10129323312203592,1.1681102918657373,0.6646258805925837,5.0,49.731
0.16919335087437468,11.685863216532162,0.8713160021347897,5.0,50.787
0.16581608758026764,19.24445624921047,0.6752509251589515,5.0,45.71
0.1,21.71109209011453,0.7712592980218446,0.8726484938996251,46.777
0.1912894358795378,22.7039118723846,0.6570484075802425,5.0,45.106
0.2798414175219208,28.780613915205002,0.7161159217077617,5.0,43.815
0.13958364449538324,14.416374581463113,0.5614417283016208,5.0,46.538
0.18422959913552897,19.56165789578564,0.6574743168298148,4.603893086908921,45.91
0.14964816801734504,17.95872260888789,0.8267962266502955,5.0,48.758
0.16068241971431463,17.13115347873785,0.587171633323746,1.967006495628557,45.823
0.19600992011662674,18.259995290125218,0.6963440676104369,4.257159304969862,47.45
0.19493326497887498,11.27968852723566,0.7611995603000674,5.0,48.217
0.11744182164509268,18.205543200229318,0.8228867647231581,3.394135757856229,48.822
0.15803111672506218,23.477412673040284,0.6260883614081434,5.0,45.167
0.17314941259772426,3.838962871083652,0.7519722207949273,5.0,49.815
0.15639332210766338,18.62414250645214,0.8058112242994349,3.840312373629879,48.908
0.13742746596580982,22.87945768774886,0.6750765192765964,3.7817201487116305,46.631
0.1346195632911673,9.456895176831377,0.7360276239708529,5.0,49.222
0.22437367290804233,13.51545062874476,0.5646436236944853,5.0,45.097
0.10857841642213809,14.813066364391982,0.6521991789575902,5.0,47.237
0.24722014411680163,42.26497278817565,0.10170732472448962,5.0,35.004
0.12406777540292332,13.034989247955204,0.9187622508003694,2.804580579753254,51.102
0.2318075096275009,31.243340783968087,0.7007664645190381,2.4226954569438197,43.512
0.15772175264073518,17.929402259633214,0.7907396700079483,5.0,48.211
0.1412349813292663,16.857718191771994,0.6714549002697334,5.0,46.245
0.1640547988927979,22.147477476278695,0.6477760760519541,5.0,45.406
0.17122293487897863,15.571110508366495,0.6275220622088861,5.0,46.944
0.19913237114211466,25.328059816532065,0.5046638975891634,5.0,42.839
0.1870532942051688,25.05078870029451,0.407588155843468,5.0,41.937
0.22599946289536613,3.0563689699255114,0.749910029756564,5.0,48.631
0.23500021848686348,30.812598648004087,0.4718436379055908,5.0,42.072
0.20210633202334752,16.11113753513575,0.5127469165542494,5.0,44.266
0.162624455953877,17.686624909353455,0.41961125449989856,5.0,44.17
0.1,16.47551752139237,0.8001942069344365,4.5655671682167185,49.53
0.21782370925733133,13.060913501906722,0.6255872076777316,5.0,45.116
0.12621375630133763,13.837691977384225,0.8656087505539343,5.0,50.011
0.15853269761630365,24.075732195480384,0.7160797979065749,5.0,46.846
0.20833634938201193,37.06393974225638,0.5141913934214256,5.0,41.101
0.2355444608909964,34.58266306712036,0.3374896937253334,5.0,39.602
0.2340952550150056,28.710585189273623,0.6083023614661419,5.0,44.076
0.21362012443526956,25.166756805633057,0.6369727659877533,5.0,44.426
0.16263757963535505,25.362532288304383,0.7691943296019029,5.0,46.495
0.12187980193464587,16.0054659000011,0.7548824397035366,5.0,48.196
0.19412930607212597,9.693883651164745,0.6258352976493531,5.0,46.682
0.22629085229065302,17.185427008844748,0.4762648447198388,5.0,42.953
0.20950874693778676,27.99683677801319,0.42158917702992865,5.0,41.825
0.17793672988514547,8.920448788741385,0.7733382609136769,4.2693798021728835,49.01
0.17279416432676845,19.294746157864267,0.6773263268266445,5.0,46.397
0.151265428947114,19.421827437672658,0.5213331406764031,5.0,44.306
0.1971332445539528,14.65042952716748,0.8522243359894763,4.410114486036338,49.734
0.1,9.514604013986673,0.8627582823120797,5.0,52.295
0.18911785794297195,12.014857042831473,0.7344685171256815,5.0,47.811
0.13297703019055118,18.15861502483244,0.6535731157769186,4.6435439475119775,46.987
0.21906156798477552,18.345010594978795,0.7208034201716532,5.0,47.006
0.15878392538171204,8.311622640876237,0.690692355215179,5.0,47.85
0.18643814509889986,5.782043514896902,0.7270890905207558,5.0,49.373
0.13449247200022502,27.906424756045453,0.6307534669058313,5.0,44.542
0.15321500785399705,7.871909858920886,0.9130525120866625,1.3289960178790419,50.239
0.15649768523830904,6.63564038814504,0.7628878242082743,3.5657131518571923,49.422
0.10992819724726405,18.708987127072604,0.7017207822722084,5.0,47.692
0.20365435623527373,26.936607534470838,0.5128064847827718,5.0,43.289
0.15566891025381369,8.414681691822672,0.7107827104704374,5.0,48.513
0.1434141422809508,1.5192630291584575,0.6985059031024609,3.5453002214171154,47.815
0.2523421151932041,24.960697387154,0.4892321686479163,5.0,42.919
0.1523890897043774,8.30866001517281,1.0,2.9530654042841604,53.311
0.13422866350746793,7.249438402447747,0.8211800490635983,5.0,49.864
0.17650289922704876,4.580196180772182,0.7937359760035613,4.323175467440912,49.489
0.1,8.432065673266582,0.7605972436981178,0.507101959823267,47.212
0.22622398299593338,41.35158831571758,0.3428429189133671,5.0,38.541
0.14407786431504765,1.9646235414472848,0.732478671207835,5.0,49.366
0.26057709333134776,23.207405842546535,0.2905351550435509,5.0,39.945
0.1948663020646023,23.75791177061467,0.6799794095055225,5.0,45.429
0.22186847304573276,10.120130570031577,0.5263595683725759,5.0,45.89
0.1,3.607965153946786,0.7927575916225872,5.0,50.679
0.18390993198634015,17.36934465384231,0.6430044447252505,5.0,45.108
0.18272681325647278,23.93039311373376,0.7254859432217624,3.4547830936313275,46.426
0.23413248703163822,35.29915265288251,0.49178479593768926,5.0,39.739
0.17231336900123895,14.444119189733607,0.8897100321115703,5.0,50.308
0.17678809195822173,19.425982633994717,0.3246360395721049,4.054360087652873,41.26
0.17462047075013976,15.034974096169513,0.6455109211875798,2.799106158040783,46.835
0.18719951601737003,13.29871714630376,0.7439518083982981,5.0,47.455
0.15780728121899096,0.0,0.7715932229212801,3.6425115302633118,50.075
0.15472288425036868,14.797629215030431,0.8398674727896711,5.0,49.261
0.1523443561291594,14.903387104142752,0.7816068804993833,5.0,49.018
0.15160739171415394,15.227239489926507,0.6086369955915224,5.0,46.611
0.1693122583047528,4.927692212916925,0.8916756000961248,5.0,50.556
0.17316633571243256,10.19591931833384,0.8271044864151654,5.0,49.608
0.1,18.199345791192304,0.8416930989582947,0.9377166021994734,48.386
0.1510997117587615,8.878263565615692,0.5916223484087291,0.46626480824343186,44.631
0.18440466223252394,14.363984307095414,0.6618906777539404,4.186315065513155,46.11
0.22575822916654278,24.885987552576246,0.5975695652979458,5.0,45.019
0.16843381754030326,8.069071550939773,0.8183442594557548,2.2436595052561197,49.308
0.1456611393579827,14.31265262132209,0.7533160402620448,2.1189707170414045,48.257
0.1626354380247739,11.632414750966422,0.8839908061044206,2.8218204045723305,50.228
0.20124709536226704,15.93206372386412,0.43246294805200514,5.0,44.126
0.1746727438379223,16.853158001696386,0.6226949040394381,5.0,45.596
0.1537145236195945,6.842180501883452,0.9456293304612561,5.0,51.866
0.15670725745728073,11.946270376969018,0.6009088709294487,5.0,46.835
0.2069497599201996,7.55565918927971,0.8904949497019274,5.0,51.41
0.11191819014219204,19.176388553505873,0.7621366595954207,3.8394866432150137,48.525
0.19280185149968135,4.561201840752077,0.7992099925259211,0.8590964190204918,48.263
0.13869951594866986,13.328130757729406,0.8099475089137759,5.0,49.286
0.23146380829239377,18.98045754426244,0.4593915113339639,5.0,43.35
0.18206309856093705,15.034571856527265,0.7727191856175856,5.0,48.631
0.1398908055175272,15.305247314583132,0.5735070084266639,4.472190815098943,46.189
0.19535589416918245,24.43658625594702,0.6619680686213205,5.0,45.517
0.14581420545285215,13.48788588408248,0.9586329336947771,0.81242477676847,50.085
0.16298612494976325,15.817973155149243,0.533203904030463,5.0,46.185
0.24716318298185605,16.536139133089875,0.4711258148606236,5.0,42.771
0.16728196484708446,21.349822560664453,0.4524451171329383,5.0,43.74
0.2358176525804807,16.560032517926775,0.7167855474383601,5.0,46.028
0.2112184761474662,9.701757219745755,0.6506929077615616,5.0,45.338
0.133425066885497,14.624369139413451,0.656885225618191,5.0,47.755
0.12946772700717624,29.246400795133848,0.7639327851364874,4.619018581025365,46.337
0.15327458449906362,15.791690246539419,0.610991245601097,5.0,45.994
0.22179132488832184,28.31146634981858,0.3463692064058008,5.0,40.806
0.21200096274288707,14.487511831730906,0.836394553418113,2.470329090227086,47.252
0.19012423262210615,34.17683859576363,0.631588159806596,0.23067149013044386,39.039
0.20731136400909883,29.622685400427674,0.513793364139407,5.0,43.221
0.1214804047844296,13.5909748682026,0.4910933087532824,2.3566736070528425,45.217
0.16868296341080763,10.188048986544269,0.554274385149498,5.0,46.907
0.21270462597831,13.959865149755444,0.5395327603595033,3.9267670745195393,45.042
0.1790471105649611,17.67254470427665,0.8840323540802693,4.025528614651583,48.954
0.1487662262239648,16.845681946389604,0.7253317047097914,3.0789040375225545,47.312
0.26923988656149145,42.75746207308806,0.3270213630801114,5.0,37.683
0.1439128226997689,19.373883734066737,1.0,5.0,50.593
0.11391206474187324,0.0,0.899732972793366,4.245041983190829,52.341
0.18183335799423062,16.267244255845352,0.4545615718805451,5.0,43.246
0.17581412314739484,13.767885481198405,0.47065464118815703,5.0,45.287
0.17765956958818277,11.516031373658702,0.7249292255463216,4.036849987071529,48.426
0.139048661479528,9.159898512037444,0.6317258457628585,5.0,48.604
0.16510257248090382,13.616676255946043,1.0,0.0,42.886
0.21976065557534682,28.96416810628153,0.5829591566219463,2.5426302062242216,42.324
0.1534603969548694,23.898926641092064,0.4170243455738303,1.465147887747625,40.938
0.1801085860578026,12.838134828567096,0.7678228281269946,0.9017281624788037,46.585
0.15222601718467477,20.23718716929276,0.7223907226920769,5.0,47.504
0.15369307021804027,23.36718967322594,0.4773318739807136,5.0,44.378
0.18100993534158794,14.90624313810032,0.6965542278915743,5.0,47.713
0.14336042646821062,12.469153056274891,0.6452775195762435,3.414675570664726,47.574
0.15832103776710488,13.061673071435967,0.6474677294143935,5.0,46.519
0.16474972682897898,15.200484595967357,0.6557243885370435,5.0,47.197
0.1518700760557602,22.561106402371266,0.6328699747754429,5.0,46.082
0.17313688082882608,25.457590999077862,0.775087643944574,1.7994982589390718,46.881
0.1377819330578051,9.466072378207556,0.763159530824425,5.0,49.807
0.1667851986323923,24.46444221307561,0.6351980940782171,5.0,45.395
0.14474536980842084,18.155313673875607,0.7298376921307096,4.338424865351317,47.219
0.10820019691654886,9.424824106974267,0.9477660110651264,4.428209458695589,53.463
0.12992879562827922,13.590991988034993,0.7595235438988982,5.0,48.623
0.17749749353051372,22.697818769027673,0.6410816101059041,3.3750530469544433,45.526
0.20571537997910216,15.774819094641996,0.8362407889363324,5.0,48.504
0.13441936986111203,8.55260539481375,0.5543568034164292,5.0,47.008
0.1139448836586676,15.710880007690713,0.7761701258636424,5.0,49.147
0.14934273873274778,6.144682294738331,0.9324447392817851,5.0,52.424
0.1017634327682708,23.024284752357403,0.7879933190067832,3.283065933198549,49.431
0.1478103721079284,18.36283540178289,0.7904045480849958,4.616241181446277,49.007
0.17714987445407052,16.40794944306284,0.7873944161552663,5.0,48.546
0.1334175031119314,11.664798892257693,0.7161980485368442,5.0,48.683
0.12355498700687392,8.695765358092226,0.7816334467058996,5.0,50.746
0.19629515835349026,12.73437088638966,0.8190860618595924,5.0,49.078
0.17449102810206643,28.102578617794176,0.6331093824785505,5.0,44.331
0.1289352673981517,27.105908126207343,0.6221176527361127,5.0,45.06
0.24965796687317157,34.12017104554073,0.4019101830256415,5.0,38.738
0.19181057134176127,12.827537547188767,0.9076778943504978,4.164603313782241,50.32
0.1638785662964328,0.0,0.6711145165287781,4.98420799305859,48.607
0.1378391933946445,7.487262091520895,0.6128214208356958,5.0,47.331
0.18759316057506037,18.80150362055907,0.5702431124319052,5.0,45.283
0.11414033039885475,8.952365972017367,0.8741728101357192,5.0,51.25
0.19250079620695407,13.791742690912537,0.5607077951297572,5.0,44.535
0.16650602824605876,11.641871813786176,0.7093972614969504,2.557551602285587,47.937
0.15157116142679736,9.131141753893301,0.694281320945598,5.0,48.389
0.13937283656920363,13.49529315193022,0.6862623787678594,0.6004911316823036,45.07
0.16020977763466468,22.616134968010144,0.580813510172048,2.389413197908343,45.142
0.1265066793944017,17.565746573020334,0.7457970690040608,5.0,48.379
0.24347090218879702,31.05139374742164,0.4950877310582558,5.0,40.741
0.15168478156805817,10.048891280064355,0.5640598572720307,1.1799489119308326,46.243
0.17136169224527228,28.596781667094795,0.8728365556087667,5.0,46.929
0.12791613306316182,20.63192899922441,1.0,2.195152653292343,51.369
0.18489528220689455,10.423334468464393,0.7101435813428019,3.326437898931374,47.159
0.13985457324022726,12.512304529115866,0.7588993153237571,5.0,48.494
0.13492209058483356,1.9356300757803684,0.9391347853676419,3.9753369785879125,51.927
0.1776027998517475,10.377440539352044,0.8971259080059565,4.5466852987803374,49.759
0.21662690827829306,38.83716476580387,0.3167051188645021,5.0,39.183
0.11940199863287558,28.719130748677415,0.7200325471540057,5.0,46.29
0.19164991709065443,11.724227157250642,0.7474598125996887,5.0,48.272
0.18520078070575433,19.264490101547057,0.7360434667024706,5.0,46.923
0.16343808576635374,5.6796494190893245,0.8656373168303454,3.9542096857093183,50.798
0.16463192184769854,21.827596073040343,0.964079597716666,5.0,50.562
0.15400526044543963,30.283791487950197,0.7033795535282543,5.0,45.402
0.19747307124409844,37.89048919049969,0.3298131310223516,5.0,39.111
0.19466971499754104,21.406027846654897,0.5675223843191574,5.0,43.804
0.19095242346901908,23.52371131859807,0.45331826294876165,2.159880237332473,42.018
0.16145253392501227,24.79300577561524,0.6232911470868849,5.0,44.786
0.19894296938697006,24.086871847784757,0.6100633253289828,5.0,44.814
0.28147987216991194,40.81761442228351,0.5328784976461219,5.0,39.883
0.12247151338162089,22.31977910813791,0.7684480720048886,1.9319862155792933,47.504
0.14227337119277675,17.46986553997983,0.6430979883744637,5.0,46.878
0.17742296034619603,10.136724064322058,0.7850656202524849,4.995704413542453,49.349
0.15019917112640113,10.124650312755826,0.5289145025680013,4.796514304039818,46.407
0.15769857893026898,14.01915513952688,0.676864404892418,5.0,47.454
0.21660060107826415,25.12294962636577,0.614070160697163,5.0,44.145
0.19484286588147165,24.111306176524316,0.8411661746638639,2.586721864074332,46.844
0.17369995701045546,16.755002613312357,0.6444595384000761,5.0,47.125
0.2614602917886077,26.867942666910952,0.2296975238264069,5.0,38.985
0.28659760991423633,24.461754668715997,0.5541209539864759,0.49341645591831595,39.576
0.15779930443678386,14.010607220024017,0.8907031354378403,3.7203750562001376,49.573
0.15049908090166259,19.03045494125128,0.562217163328533,5.0,45.859
0.14653671403750612,12.67584128833266,0.7845709908287437,4.119854309870137,48.987
0.12878682716027468,21.736143878357392,0.6990613212572103,5.0,47.457
0.13364903044533807,25.95941257174288,1.0,3.666974580751915,50.566
0.2366927576695113,29.975871064753754,0.2200441629925453,5.0,38.653
0.16743296313875544,18.64217302844328,0.6325905543354364,5.0,46.847
0.1837168418126456,31.165264986047152,0.7572171215634675,5.0,45.687
0.23279037190952104,44.31568671940131,0.30785538185491235,5.0,37.351
0.21790133408081935,19.271314786847206,0.6995583900438336,5.0,46.719
0.1570016504422966,14.95246734290174,0.6997099928022619,5.0,46.668
0.11197174038278156,21.907663194753262,0.5936007946825128,5.0,46.28
0.1704967527186523,16.3186288718649,0.7192102890718083,3.885307475220515,46.63
0.1,15.991059602163187,0.58317577545556,1.2752001888033229,45.225
0.16440229554237773,18.030220324132404,0.8959970294926713,3.1781267681967234,49.001
0.24526721078016522,20.721487157945447,0.569878274071478,4.493182925580761,43.147
0.23021828992806273,35.453366437195385,0.5368854145586773,5.0,41.765
0.15691781105943442,11.012827964854733,1.0,0.0,43.074
0.17366101957832955,18.85933114689375,0.7758152625563569,2.4190066046497476,48.14
0.17608802225522346,7.453211922371529,0.6429518110447863,3.835111574566497,47.082
0.15989721856410286,7.430132958938892,0.691493898561902,5.0,48.756
0.15394570070770316,4.468195609323303,0.9234231990654324,0.5219238317823194,49.647
0.1948376479881471,27.86561597680697,0.6486390396097592,2.114763091593415,44.578
0.18122530802753326,24.535470881264118,0.5433737126604407,5.0,44.777
0.1554993954761056,20.961045665076234,0.6085426857704432,2.9254910498280027,45.957
0.1956285386631335,26.162400543024184,0.5725740142757312,5.0,43.243
0.16671554952355233,17.465142355602854,0.7449775822177838,3.706613843657543,48.833
0.24460556568251096,17.76095261465483,0.44251411026333465,5.0,42.114
0.1732771064236889,19.595741141094727,0.5838665591479264,5.0,45.674
0.21845417690149718,23.138529910766128,0.27307386095364994,5.0,40.873
0.19173479863095166,18.919082560424016,0.681965649970127,5.0,47.815
0.1783758626504843,9.787052662139438,0.673842639330375,5.0,47.346
0.17116352326502698,21.72371935197815,0.6766421028464955,3.999437396135443,45.835
0.19080697973015198,33.49155204489254,0.449526787989248,5.0,41.728
0.16295504403919572,17.159084938836717,0.8359953660867345,5.0,49.748
0.18191781040497126,18.158582413649516,0.577019224400613,1.4336202409149328,44.22
0.2174084435677304,16.134261884213878,0.9101750680384393,5.0,49.152
0.20625432079824801,16.384417865699376,0.7827806455282079,2.4368113684999497,47.678
0.1594674726286763,20.664471378741677,0.7083781833110773,5.0,46.749
0.19609069717571184,20.668066736174172,0.8206047702879296,4.267587547847182,48.298
0.19265781856829844,25.974296872182876,0.6809784578148239,3.996826996425839,44.966
0.11751977672819494,9.691064639030728,0.6332553312544231,5.0,47.948
0.26002445141519426,14.261439835771508,0.7682818480798668,5.0,46.443
0.2037718433133302,20.63070074391056,0.9336485099828241,1.947061520049671,49.425
0.16342070668440303,8.891191419760723,0.53150903159778,4.487321268540635,46.059
0.17351736688620217,3.4009992504189075,0.7086463585121531,5.0,48.405
0.22179963958876295,35.478481313573184,0.4614154105667437,5.0,40.476
0.13693792537582344,20.217582681488192,0.6555870183704267,3.924426741620191,46.71
0.13714116037035484,17.802375723593187,0.6683123335471365,5.0,47.588
0.21421115827119505,18.603677999553547,0.7904956325704185,5.0,47.691
0.2254185903280495,17.880294353263068,0.7611938162811009,5.0,47.995
0.17066664199717918,9.146597846925712,0.671015385618126,5.0,46.809
0.24548381895248803,35.4168182634463,0.4851635677465825,5.0,39.615
0.21031560052974974,29.765896486273604,0.39009180051737974,5.0,40.324
0.1385752388321119,0.0,0.833414117855561,5.0,51.175
0.24904692176505944,37.91062901424986,0.13718722709021317,5.0,36.392
0.18366236933873786,21.879161568086438,0.7330148024522386,4.50076651432023,46.63
0.15837652009748088,22.984220187103503,0.8048427845888795,5.0,47.9
0.18993081393580877,14.540024728699969,0.6901838275416959,5.0,47.38
0.17995072407422655,28.025866935050892,0.6287708122497006,5.0,44.569
0.13813764789782812,18.728599432382666,0.8437904436968924,5.0,47.977
0.2062575184648823,9.110541886406423,0.9313715596515569,5.0,50.228
0.20429447942224305,23.404305603003504,0.5194382239574764,0.9846348835905812,42.176
0.24959281308212125,20.68896765187884,0.30248479607467327,5.0,41.198
0.13328446356457554,7.887950201589314,0.859717499967291,5.0,51.28
0.11161438183162622,13.396436618680188,0.7367380919222039,5.0,48.805
0.15043826149372813,7.797223456123623,0.638756860157851,5.0,47.877
0.14017358268255548,16.2428174474463,0.6360531489172734,5.0,47.363
0.179384695700058,14.995012024608839,0.6629696925541643,1.4267364983577568,45.886
0.19753456363295271,16.042142222953643,0.7436734223200849,4.0848810390563886,47.675
0.1,12.24878591706384,0.7721558168934111,5.0,51.345
0.15637550539978215,11.181949752480365,0.8205272464941226,5.0,49.841
0.1863705834106804,23.203168856309,0.583078294472335,5.0,44.121
0.14695532658949692,14.978909859435952,0.6947992841061215,5.0,47.388
0.1305287040275023,10.358727160162944,0.7080225602457682,1.1649165539742494,47.286
0.19541757301076815,14.34485952805602,0.766474487211626,4.5359586224687005,48.075
0.20033906227701087,16.542807129322274,0.8766518284142931,5.0,47.986
0.1916596762176601,15.418711056869492,0.6747073819126043,5.0,47.85
0.12547138996092452,13.202754979983302,0.8488902873388108,4.288737343001893,50.165
0.17925996151245221,13.82891938284149,0.4949993340396828,5.0,45.395
0.21584820894912,36.25472122267411,0.7860853063334096,2.4392794892812684,44.628
0.1286863999944206,6.333553780972756,0.6978593359777044,5.0,49.817
0.18955356476076723,22.470865848732807,0.6786069717733362,5.0,46.969
0.14320142565974162,25.61124894462756,0.5532916471744473,4.446152821569396,44.557
0.16274541254159294,32.40552284224795,0.9521052087829623,5.0,48.378
0.13267815127940408,1.231641305616277,1.0,4.074430311381598,52.741
0.28223682233011516,26.339310031739565,0.49112449337753644,5.0,41.778
0.1754389561106253,10.16343915183068,0.8911865699148576,5.0,50.57
0.1601471558975983,7.398824661528246,0.8342349715843242,4.242475398680145,50.467
0.22661043278830212,18.01233214212089,0.8004233293744846,2.3999690372461426,47.052
0.20203942499227365,21.56424172862028,0.790156204085335,5.0,47.152
0.17429661326746704,14.177749074510395,0.8320296491457457,3.4034399810299973,48.739
0.1818761564616654,19.83563469071125,0.42965853854926384,5.0,43.152
0.17216700305089883,25.085561518620317,0.5831444640647399,5.0,44.211
0.16266837568361409,7.309134006977491,0.8537735247855669,5.0,50.881
0.18824007412905475,17.405591141853606,0.8044166737291566,5.0,48.465
0.17796792749729895,11.853667187035942,0.8538827657728989,3.9014585963203894,49.261
0.1893597129664482,19.237036726289332,0.7792750561120942,5.0,47.082
0.1847695960146791,22.62123392995215,0.8566128285770273,5.0,48.125
0.19949503585004957,7.7587134443035275,0.7040368144837349,5.0,48.252
0.12216668218699209,12.985735085858455,0.905349266821636,5.0,50.828
0.2437532481750534,16.947387089213024,0.8346641164360816,5.0,47.841
0.14658323326628694,2.288073121268784,0.6954485591694503,5.0,49.354
0.17074055993212192,8.77301207832723,0.8311034165338339,0.0,39.867
0.19471025894659333,8.756318599936023,0.8260967688480725,5.0,50.116
0.1794342558362512,19.089043569454063,0.523001762041772,5.0,44.875
0.21595961865991245,24.302363724868616,0.46682496373420934,5.0,42.821
0.14994683059687616,21.702144966674474,0.4648288325408513,5.0,44.384
0.16219463650933802,15.950999401084264,0.9402593899523594,5.0,50.91
0.1915148711742331,23.249270267213554,0.44203324312199116,2.2529561386540813,43.468
0.20795533701313196,27.93719159591673,0.5407610300009615,4.669414452689713,43.237
0.194244096272667,11.030774514063365,0.6064287463603255,5.0,46.033
0.15776878291069038,12.860438449195904,0.9204369391055547,5.0,50.751
0.1360084161691675,9.429662513244017,0.7778603423093102,4.480884462600318,49.042
0.1746033018538906,15.820307818666171,0.6714124853833389,5.0,47.688
0.19169458978782053,26.76563699544597,0.5388419560314365,5.0,43.296
0.18723962699707608,22.533483705930706,0.8818018344744654,5.0,49.434
0.18977819469050203,18.003478039394704,0.5912495849611877,3.842210675353398,45.642
0.1369715778206434,15.818209327300613,0.7374698066575491,3.4933915042147383,48.248
0.20170735378755764,16.592895858927754,0.8388067195781023,2.3308186296980207,48.442
0.140477768327169,14.517412148740954,0.7307895383157513,5.0,49.018
0.18215883062349347,20.449269064155573,0.5791056474157673,5.0,45.858
0.20349437326302547,19.98454411754958,0.5458858659945862,5.0,44.746
0.19987727412064854,20.711462929981934,0.8621008762475948,5.0,47.25
0.1122075842230327,13.97785844064761,0.7216247234361732,4.099814870094242,48.744
0.15724847344049853,10.734534362782398,0.8839455703694707,5.0,50.9
0.20422494235225178,17.718228868890378,0.7381319748994615,5.0,47.196
0.2284502724916169,31.71223962456714,0.4219261100966286,5.0,40.822
0.1691590060750409,20.019451215266322,0.7529333779710198,5.0,47.128
0.16093599505880746,4.05724555977265,0.7535799326449706,5.0,50.254
0.16609923475734747,14.492209464668784,0.7454261072861899,5.0,47.262
0.13639773741455982,12.794072733114788,0.6345097842991184,5.0,47.456
0.22299516334220454,26.388969462001523,0.6294499995695981,3.3672095455700193,43.458
0.15305005009645567,13.938849207013396,0.8164697986889756,5.0,48.471
0.2098291424457784,23.871566800279858,0.5224329088539829,4.328398837887523,43.452
0.21280553889802858,10.68524016767522,0.6703927769955734,5.0,45.818
0.22937440102332535,12.825537349075024,0.6034359959638783,5.0,45.38
0.1832590327480128,17.18974709186709,0.5355095451982645,5.0,44.853
0.12446908421716249,9.166442844551842,0.5759040921129097,5.0,46.765
0.15995620778605246,11.475171819262972,0.8674253685162447,4.5580307313905974,50.434
0.2711573136581319,26.589086980990245,0.40797047475240256,5.0,41.451
0.14300163072941965,6.059472346269923,0.9001017710642774,4.565104456817485,52.005
0.14911445225050968,15.282014230909551,0.6869814428938167,1.3129466905572607,46.105
0.17713562138290567,16.49239548593911,0.8087727424855616,3.8615831040997732,49.445
0.18732919122402983,3.8830424622026722,0.6292318408770203,1.4068048657389092,47.148
0.18738312418208422,20.37934439377233,0.3895112825832106,5.0,43.05
0.12801061374378306,15.287116099277062,0.7695305114858071,4.414555571293539,48.915
0.12028554267085192,21.083888525217986,0.7126946917056325,1.3090580541767043,46.356
0.16927223784475787,12.485652686119519,0.6177029127068537,5.0,47.603
0.20919783884221302,33.423363135150325,0.6153740986217557,1.511919261467778,43.256
0.15453451300719623,13.851140688325144,0.7891855722167848,5.0,49.428
0.19735159921909873,19.120100203530683,0.9438046637203439,3.142937217921959,50.064
0.15260457689455184,14.465245270302276,0.8181032837864775,4.899059133030945,49.812
0.17408731595154103,17.685926743530494,0.6612752636816731,5.0,45.691
0.12547771203000807,6.631538028802963,0.6207757173049776,5.0,47.99
0.16983565329499697,20.523695437021445,0.7767187661012521,2.074364643377309,46.908
0.2200358824979966,10.649295305590297,0.8294698624661011,3.9477947629175536,47.824
0.19045914562603167,29.85668868145289,0.5448005570642639,3.1157657977725526,42.47
0.21692103204742583,24.88208374320855,0.5801374714196506,5.0,42.852
0.17262400384699086,22.990333435314735,0.6597989538652185,4.325575090305855,45.987
0.2591405879352161,19.205850049531545,0.5058422032982932,5.0,43.312
0.1850403952690552,18.832713014021834,0.6721858177322915,2.653902851998793,45.814
0.14882120410403318,17.311467324320763,0.773161153295938,4.60005020637664,48.744
0.1620491675006498,19.236961645552324,0.7960080636977274,5.0,47.854
0.10796759130356492,4.053693021361038,0.8087089517699259,5.0,51.19
0.16845994876853718,15.937585874002528,0.8970984226552055,5.0,49.726
0.17525556000884301,11.278016997172928,0.7026811934010411,5.0,47.183
0.17560980700944467,14.23292484769329,0.8419137741407055,5.0,49.528
0.1450116021618995,7.261725220021633,0.7874177984803329,2.7066605439712577,49.64
0.13618552277913182,16.43619549024446,0.8646001469094975,4.011405317438671,49.843
0.20988867239778453,11.818803630881558,0.884872552295289,5.0,49.532
0.11808433436024696,21.594750153405137,0.5792776363984616,5.0,45.656
0.11665677648203558,12.412941230562282,1.0,5.0,53.289
0.24360252232061205,17.701491553304663,0.6112051594255252,2.11105189178144,44.485
0.14051321811070872,19.81344654057728,0.8628977777781103,3.949804833318157,50.398
0.22558869964792155,27.928355443601028,0.552851793801656,5.0,42.808
0.15671542722536347,4.441015720299847,0.8958877902427462,5.0,52.114
0.14611131176948938,8.546248666889518,0.7047991406394667,4.721993243949086,48.637
0.19436367331960375,26.949162248473428,0.8600020095653778,4.334270110789205,47.631
0.15898004331598428,7.019147426973737,0.6942690301384432,4.332016095487476,48.194
0.1258004881291895,12.001219843019596,0.8072241245137656,5.0,49.719
0.24052265143632412,18.764918909987685,0.5412921432442578,2.274313107582894,43.535
0.15476889534280658,21.94891737395251,0.7555931665765644,5.0,47.099
0.1,10.83540460001656,0.874451137206729,5.0,51.282
0.15334922928484043,20.655293829630608,0.4831132178522691,5.0,45.47
0.16173876387297545,10.727581556520885,0.7540391738477465,2.470896042991278,48.679
0.12803425991594675,14.25786705961428,0.8642997498081544,4.1355596890756505,50.054
0.19742405431758167,30.568050878441284,0.8010837580380445,5.0,45.5
0.14164606626179166,14.861072260085804,0.6256826921862138,5.0,47.083
0.11963089699918307,16.262629542590147,0.7677040357704322,3.419299121884791,49.344
0.261428701929443,25.963505614822147,0.5153039159272139,5.0,42.212
0.19286322677243004,27.08052413058639,0.37967198931895896,5.0,42.401
0.1337969121607095,17.05797777528669,0.6801459625264394,3.184410363035973,47.442
0.189438486531763,32.961942008536006,0.4418506351670537,5.0,41.911
0.14449351811484462,15.237095526147002,0.7619338381089494,1.8332426088906826,47.073
0.1949923486880356,37.562963647159876,0.3602920695534803,5.0,38.808
0.17296967038337557,9.068563205743544,0.715725236379968,2.728450583625419,47.486
0.11613362526830492,27.599694396006107,0.6874922684073398,5.0,46.31
0.12422086771351394,9.324736116534082,0.8800088064001387,3.406953827976531,51.384
0.1636122324249902,9.031266646065767,0.7722440885672603,4.16668000405145,48.868
0.21701607579497362,5.411958276732889,0.5835085082840537,5.0,45.382
0.2492623261204115,11.16602094678802,0.8876176794430337,2.3462361398957707,48.978
0.1541965315466509,33.142589852292545,0.5279722918260263,3.6456578573515572,42.949
0.1383852205880037,19.031831992756118,0.7589379144684818,2.22520439560642,47.826
0.16625503492554006,16.987349827181752,0.7221093028148474,3.24234650409515,47.321
0.17290409933714157,19.834223811049704,0.5246219708123582,4.540922730727341,45.08
0.1603692535500271,22.828529197339307,0.7667542092983148,5.0,47.614
0.23700999793258468,32.64053136661022,0.3581881034312807,5.0,40.228
0.23182579895631628,19.80052104399217,0.6109866474607226,3.2084292357125017,44.443
0.1599772272526821,22.43964689926035,0.681017452952595,5.0,46.119
0.16432727057535446,23.154573185211603,0.7375548893687338,1.925206193805781,45.25
0.2023853650352239,19.291833824808467,0.555493598601521,5.0,43.967
0.16178262048313807,10.091467957354027,0.8763291848146938,5.0,50.711
0.13911003981043527,8.421573188313083,0.7127764516724123,2.5800274147183724,48.454
0.23933478767041308,12.83020828131879,0.4598505789127634,5.0,43.871
0.12724945088195205,0.0,0.6088811228925626,1.351902919340207,47.088
0.19519415106394655,20.635483449237338,0.700798841387699,5.0,46.972
0.18673927512052327,12.721904761027544,0.6903510406313083,4.100482086627168,46.229
0.1380046534121563,20.509945159025136,0.7368953259060518,5.0,47.638
0.20649507358957603,22.727453752064488,0.6981152119505312,5.0,45.902
0.1031921799378809,14.590952854356406,0.8203140907584623,1.8675401671595915,49.881
0.21016538417391561,25.86672500697442,0.49866937476721385,5.0,42.851
0.16208051755388664,30.697774438134786,0.7847292118013633,5.0,46.172
0.2542874436354727,28.6196632181029,0.4260184230105431,5.0,40.673
0.13964659451731012,6.687315744060367,0.7235449973837607,2.5079779132296833,48.573
0.22368161673839315,19.58012563372322,0.7542351948154323,5.0,46.219
0.22948464741375715,19.484654563699458,0.6185692738520535,5.0,44.808
0.10353662631328378,15.817327400967628,0.6301044632513804,5.0,48.095
0.18738204972398836,4.012991336098846,0.802990296275069,3.186595881736676,48.675
0.1922597649779912,12.676439001258323,0.826374588541174,5.0,49.716
0.21891168623387325,22.36095188040564,0.36899100915687644,2.418431632331891,40.508
0.19564855693020597,16.842257491152356,0.7684354007179091,5.0,47.685
0.14085785648849067,13.430744085940475,0.8767047223666256,5.0,50.771
0.1729022326434875,4.9497922548315305,0.8701477718679027,3.468249799460414,50.998
0.1590833703167379,22.730677187989272,0.7518875956622562,5.0,46.93
0.19094808157474416,16.801856241536946,0.6560746002033239,5.0,46.083
0.16465005489400258,7.938031437491192,0.7728177780211913,5.0,49.192
0.14604180653325285,15.230239112581817,0.8172756900882346,5.0,48.495
0.1794310175224987,17.567512240394567,0.7375012197557591,5.0,46.902
0.14941808012287427,10.806077562397164,0.7137342896852876,5.0,48.502
0.10768902874571368,11.258220417508433,0.7839428905793022,5.0,49.429
0.20923530119233139,22.229870204773263,0.6165350487131865,5.0,45.376
0.20029763999728203,10.512154224384862,0.49724057744469174,2.4189305105977494,45.196
0.22339559472250226,30.308537170951308,0.2823230556581529,5.0,39.394
0.1614340992963708,10.040508678170474,0.6742086190384767,5.0,47.3
0.16768301704358146,13.872742405399574,0.6993199977236846,5.0,48.101
0.188321538844228,16.586335524634418,0.675006504290698,5.0,47.272
0.2044904680132159,26.35733934497501,0.7374712078768176,5.0,45.562
0.16046155697995207,16.491913905917077,0.6720668671713614,5.0,46.337
0.2243127384392056,16.108174711314437,0.4897577317326865,1.4132616686045998,43.284
0.21893108725024016,28.05644553236499,0.7152063121606589,1.7818251293934844,44.581
0.1389860827858332,16.320746910310774,0.6896664538414486,2.180426408086529,46.924
0.16952477022201698,6.018322564037241,0.8971361708086987,5.0,50.586
0.19668260837641832,18.28425359972547,0.6911737316856831,5.0,45.422
0.1,14.743181095584333,0.8323372823551609,0.9703184046770497,50.272
0.15947968819962163,25.662554037226908,0.5114746406695414,5.0,43.203
0.19166709130341553,24.882076066515356,0.8540809384829902,3.1132247513725377,47.433
0.1769190873110602,21.282410643858725,0.783109201638207,2.6175220055394375,47.293
0.22585661201474241,22.248973131630272,0.7487241732300691,5.0,46.229
0.15556866381060408,20.61789129262933,0.5785148185348004,4.0856318364065825,44.768
0.15131374677355394,8.068106430723233,0.8291909988159643,4.322453710726146,50.452
0.22619958034949433,15.46905015669475,0.7308509093998817,5.0,46.817
0.19261566744546277,10.922047288626615,0.7286179253048537,5.0,48.58
0.17985687589879268,23.399822171570253,0.8872108754322792,1.5787707790265961,46.997
0.18929387555133223,12.090048508882596,0.6685522645275027,5.0,47.092
0.20589582014375912,8.412702908844933,0.5640473644085255,5.0,45.547
0.18812116198761192,12.10315669948876,0.6424282483284057,3.456884268676929,47.252
0.16518460156554157,10.36399943949147,0.7378061147969562,2.4484766498028723,47.443
0.17104630616151498,18.431308975424752,0.810778282722319,5.0,48.141
0.1622182481913813,14.06242008555723,0.8870824043263288,2.9140371912115453,50.102
0.19870514056219396,15.485505802375155,0.7575573694023536,5.0,47.752
0.16744416481378502,35.21509623859734,0.7030431074231531,5.0,44.324
0.2100335249352511,21.647532052275118,0.5170562567463545,5.0,43.224
0.16760034429300896,3.3181337371950566,0.7443268737617192,5.0,49.575
0.23485979729534068,27.940484902292354,0.5198349022407768,1.8814316417483696,41.147
0.12238662088480778,11.208122951070354,0.6059373092118024,5.0,47.695
0.17693762701249144,22.002620198702445,0.6832895265821222,5.0,45.886
0.11470768980507096,10.810981879610088,0.7900501066886739,5.0,49.579
0.18399460656281205,29.284902668829787,0.6074431978482765,5.0,44.521
0.14507828726338995,3.709941912660277,0.9765394898502976,5.0,52.614
0.32084756897501066,34.37076964104667,0.2994410730992484,5.0,37.446
0.15491715255971952,11.71540580282316,0.8468461919889396,5.0,49.756
0.2599011823201777,38.633876746574515,0.27765362814500405,5.0,37.496
0.1371475711782885,11.848268238481888,0.8171994601690813,2.574980583276814,49.821
0.287056870818788,33.06314448697441,0.38241245815114366,5.0,37.921
0.15448338971685138,18.149770511439723,0.6327860713832122,5.0,45.785
0.2037464098408307,8.675008948357101,0.8477680531365311,5.0,49.3
0.16799679990099647,9.02771065971206,0.6621851094639077,2.481696113326574,46.949
0.14206839756851775,13.942737149230926,0.8072241276429681,2.344109454602176,48.649
0.1970285663827228,17.277164693860826,0.4851572442298274,5.0,44.168
0.20662808507847266,27.510629934630273,0.725661154925234,5.0,45.124
0.15645056069741858,2.602570882905173,0.7841733300621931,2.7433248924763776,49.801
0.24605076652101293,28.662361900282196,0.6672165092736224,2.2688619360460356,42.932
0.1841327110755484,16.031726423012987,0.7593803576555281,2.4883627839501963,47.459
0.1303296081046677,18.331666630923387,0.8067093287592215,5.0,49.131
0.2247895435820357,19.341214742515238,0.9138465923295656,5.0,49.292
0.19560886839901157,20.14238024020491,0.5694253215791899,1.5077481751343942,43.621
0.14332791898503894,17.23652332612385,0.9222827846133318,0.9422908142715204,49.505
0.16728472403488,26.64615273106043,0.524514024195134,5.0,43.903
0.12435302039154468,17.866479437479086,0.840809850156573,0.9133079236624642,49.191
0.22219448290475774,10.706318982870343,0.7248267423188739,5.0,47.162
0.15884276817627452,18.058413996817784,0.6222401231425547,5.0,46.664
0.2054218018678608,12.1086964616802,0.7829433682472385,4.023383099338777,47.495
0.21856072653739553,19.214949146776778,0.29252625024785717,5.0,41.842
0.14573322663165209,16.429332743843005,0.6357000923963569,0.3723537040615798,44.123
0.12350626985834451,21.64148817576489,0.7648179240528411,1.6122425658086097,47.055
0.17909294379493618,28.120263900252223,0.5922267606255601,0.4893680248342416,40.824
0.1242783607563123,4.1142222569869835,0.8661519584415921,4.114171192829596,52.262
0.12760123721048117,14.916348364295992,0.891890580588876,0.1501762205624041,44.797
0.1241833020920262,13.785905877221571,0.9094724753206601,5.0,51.213
0.1302013416571396,7.515568351259365,0.8215043337240846,4.132754466545581,50.902
0.19219279817774906,15.165469373219835,0.7394463614448619,2.8167521470751566,47.021
0.20932184318258096,14.26781728302369,0.7858589429726317,5.0,49.136
0.15089142815133108,10.624255203779226,0.5249562609120402,5.0,45.923
0.1920482470441753,20.374892903981248,0.6734731793623914,5.0,46.094
0.15887520370512115,19.830105764562894,0.7069338277973234,5.0,47.125
0.1443780225037858,17.471004568615044,0.8470155784670657,5.0,50.235
0.22057669297889887,14.848372750225224,0.6390433685665833,5.0,46.438
0.19490984887682794,6.078419554236383,0.708952241780188,4.144506841143829,48.039
0.17349780581719842,15.039843517451938,0.7684011917221643,5.0,48.109
0.1093715829783061,5.998485758190999,0.740092229078984,5.0,49.763
0.1921774180661676,33.84956430088783,0.5186104537781132,1.3140278581432128,40.841
0.23941122053502645,27.90894360127772,0.7616149146116169,2.8472250843933464,46.151
0.18650520491644054,17.881788058414294,0.6724169666580978,5.0,46.134
0.14634810081063318,8.397250390932108,0.7077332451231721,4.2322333859955865,49.121
0.274975664371694,23.312625480700177,0.5282947978729555,5.0,43.665
0.16545128264773562,21.684146760272778,0.5485403940302652,5.0,44.33
0.14626737714983568,23.448901707674743,0.7765456796783207,3.7032365101467914,48.028
0.14776212324828467,4.935172599805433,0.7996473543806064,5.0,49.745
0.19992210434863097,11.65579279542538,0.44585834652121065,5.0,44.136
0.18477894261250574,20.725908589440515,0.2773160155940896,5.0,42.182
0.15813249912789934,30.66818290909922,0.42907966561106786,5.0,43.438
0.18670463440602456,20.807918976887812,0.6031299374461581,3.035373041907809,45.458
0.1,4.703775703902069,0.8438454389170793,5.0,51.075
0.1415114051265574,7.39694804811,0.8027783206229674,5.0,49.575
0.18105189227867646,20.6734625019701,0.6335598200080362,3.3629816654885905,45.274
0.11323855103091966,16.136739114234402,0.8809249983731612,3.385024637334717,50.983
0.13707512886536688,8.24310991851206,0.8180135767346179,5.0,50.447
0.21341027806342072,19.097464057271004,0.6850861289565845,3.6295708933459836,45.844
0.21825516650930335,14.649258858878397,0.6983891990618502,4.008261373794779,46.617
0.13425423036687628,16.179759665148442,0.7924417303714894,5.0,48.873
0.20090124256692776,4.1488060073748105,0.7632085065005293,3.684014575669304,49.195
0.23647520769955754,22.329901628423247,0.7686920583114711,2.33792218993138,45.869
0.19378904773296318,12.891607575405764,0.8728232882350825,2.754204325327629,49.131
0.18019470410293734,19.129965212385482,0.7661685268162406,5.0,46.979
0.2446531084346088,21.000475827668808,0.5955572666997735,5.0,44.067
0.19505446339771942,15.519991424135272,0.7276447177459787,5.0,47.254
0.22576210544665815,19.926504435328805,0.47587066152568724,1.9098699371132195,42.096
0.2027272639973993,14.508130633956203,0.6711426462398317,5.0,46.645
0.19039286856916982,24.193705925222996,0.6853335464277638,5.0,45.173
0.13295270013358784,30.672817663235943,0.7316709451214555,4.437340638742178,46.325
0.27642755059609253,35.92540927371267,0.42125431242451084,5.0,39.548
0.18531803483795056,30.73485677916574,0.6921125730224893,5.0,45.284
0.2756474371058318,23.604649870836155,0.5535087400769244,2.815526346302978,43.106
0.1481800686382004,14.026097599065775,0.74907291031036,3.115728673760453,48.193
0.25413964765997676,34.372791324209715,0.38824027697147256,5.0,39.706
0.15969751883439223,19.302079503358495,0.5753242135227675,5.0,45.611
0.17221805339851431,15.598762703114604,0.6206082862918161,5.0,46.486
0.12027610018186546,21.043194934948506,0.6549975954850553,5.0,46.614
0.1815339836753344,10.202660428771829,0.7091204466777137,5.0,47.416
0.1529956578956806,25.191593732831844,0.6507512717726035,4.08191394181722,45.314
0.14738058601652346,6.027203488124915,0.570975117203302,4.220482439904594,47.0
0.19142472183363296,29.389228494090858,0.5138128371137666,5.0,42.29
0.16086508747537892,23.531015104962734,0.6979477739616724,5.0,46.811
0.2121848991632119,6.139450614942531,0.8050033944546167,3.374340011813465,49.525
0.2251900705457821,13.36186943211022,0.9651304119991431,5.0,50.644
0.24014696524778895,19.038168414303055,0.514710756660985,5.0,43.576
0.15205361824712518,23.29274157532003,0.733025322111563,3.4478546771529777,47.126
0.15706640362377747,15.626682934561252,0.8851039282946498,1.408495529583183,49.173
0.2638463737356374,32.23767419252342,0.47811523322511384,5.0,41.0
0.16857843030167097,11.965488928829554,0.6792523339286277,5.0,47.353
0.1936896067029736,19.88336293134523,0.44305612455783894,5.0,42.482
0.16034735282810847,29.536659785817616,0.6146536981023764,5.0,44.083
0.16204360199940065,20.131418144653768,0.7984578877573785,3.5246801393448632,47.631
0.2376150859877758,37.46930383584857,0.5416740702414569,5.0,40.529
0.20859552257120795,22.6417805852425,0.4546254920377155,5.0,43.132
0.24041124423380292,16.95696835799901,0.6150688492917514,2.592430003236025,44.233
0.1,9.257799243275937,0.8061158052668644,0.46431185081603454,47.384
0.16491388812095986,25.772748155483203,0.60599811184065,5.0,43.822
0.14456546078301696,28.202390295556306,0.609074630669202,5.0,45.542
0.20450010460086684,31.918617414993644,0.40175592011224603,5.0,40.657
0.19367067067880034,19.34035470619242,0.519286245293899,5.0,45.073
0.1492893442037462,6.668046564630376,0.8488374286829242,4.533828089367201,50.932
0.18346906585907702,23.425193973659496,0.7268779877198789,4.168259465607183,47.121
0.14980621904230074,8.357240538357493,0.9168901257795954,0.026189618818745708,43.514
0.16955418511721174,18.24749668942776,0.8432422992320827,5.0,49.193
0.2500584943889126,10.61921585317599,0.6691425783907774,5.0,46.498
0.15194384221850704,7.976524688394293,0.6476643740042838,5.0,48.401
0.20037352892213262,19.419565088950062,0.5861191426819378,3.601289957502856,44.525
0.15479388079676482,10.380242597894952,0.7346582994329076,4.00866041521412,48.655
0.2266722762322968,21.11288153619655,0.6031467392548091,5.0,43.759
0.15946012635662937,6.789122979061111,0.7867525456264185,0.8265359384916813,47.523
0.17417576316616584,26.46992985023723,0.6128912454938618,5.0,44.952
0.16497720757544226,13.771330550318202,0.6946863339354664,1.9921493071967404,46.988
0.19068144323961467,20.54934134265004,0.7487651917581224,5.0,47.024
0.2455935265046545,32.367676901162696,0.5222824480386092,5.0,41.72
0.1579295053401821,22.821253862293116,0.6823955653762094,5.0,46.284
0.1588118487087533,25.213974768285304,0.6639006121653183,5.0,45.404
0.2285751814030313,33.30932985735138,0.3708041947888263,5.0,40.043
0.1,10.070701914073267,0.7879908567674709,5.0,50.348
0.18166369815809386,14.642899524236615,0.8768113941277755,5.0,49.646
0.17714082662888198,11.106811625048454,0.7883307927678816,5.0,49.234
0.2537440414487885,18.452192068908804,0.5747966025207681,5.0,43.086
0.26020220597116556,41.06535603869664,0.34213153378705513,5.0,38.589
0.16860040017260225,16.558526705721796,0.7377440710300389,5.0,47.94
0.18219488808836742,20.031133179333892,0.6806963869964301,0.418941257757509,44.377
0.16833411099313805,24.213420915265917,0.8329661242331272,3.530929841295001,47.718
0.2270695459096615,22.708991211392522,0.5788767998853906,0.8137705157943104,43.352
0.19633886643085838,19.660029307772916,0.7884551517482989,4.083440867827898,47.496
0.20091326322953723,14.345715105500675,0.9311791644072902,2.4666112242652973,50.494
0.25621680424933013,12.311058797575852,0.8089134450694394,5.0,46.801
0.2879063101314978,40.28685853205651,0.28996700823820437,5.0,37.325
0.21975457000134216,18.337922741586215,0.5111009890085549,5.0,44.096
0.17571320322471728,17.062532294628852,0.7757935044266246,5.0,48.444
0.17303692334429752,17.143840576238038,0.6338460759166412,5.0,45.863
0.17198228220034908,9.314929877834075,0.6841586776815494,3.6783545828789337,47.603
0.1642293091027053,21.75353645309206,0.6437971246186391,2.760015808875004,46.521
0.15315275534391945,17.26480855198298,0.6050145900461678,5.0,47.237
0.2821095161867516,20.506179073537595,0.39933927510885425,5.0,41.911
0.15365608926366808,13.250441007013228,0.6669333958995812,5.0,47.796
0.19668320415951202,27.330603147149432,0.5165856058662969,5.0,42.308
0.13983078013249745,9.342001407610635,0.7616964152699242,5.0,49.359
0.13683223041914194,23.212339734172126,0.7897631077375014,5.0,48.469
0.22423605040340783,27.643317277500152,0.46462339170081773,5.0,41.408
0.19107906689389315,39.862714887631924,0.4023147021806066,2.091639280095149,39.167
0.16432232900190155,26.047876547810436,0.7073452321112952,4.649604039681787,46.539
0.1,18.037369950004226,0.8003224658371451,3.629949473612047,49.147
0.2773655518905944,48.35193641943564,0.23459103597173558,5.0,35.666
0.17615733575749087,13.025968197560495,0.756022068420423,5.0,49.557
0.14674606634118773,15.651932661971072,0.9195596176427894,5.0,50.76
0.2108240822691433,26.651366679905934,0.5501812682200937,5.0,43.265
0.2648911549616331,27.54565751859184,0.5236262335459445,5.0,41.808
0.15988128245102196,19.98749953938594,0.726973014371717,5.0,47.542
0.14544473250147866,2.452846825042659,0.6807636929851727,1.9000074030048215,49.233
0.21793082369988,21.013290258201636,0.5905372754895518,4.438250888477787,43.772
0.16885620044277086,17.383623212356543,0.6648799616427767,5.0,45.955
0.20409931648334473,14.543227518515502,0.5901327648121437,5.0,45.431
0.19820040329484928,22.19683058094354,0.7174657867201579,3.100466433611382,46.146
0.1449186935848833,14.262102342879434,0.7989316503707735,5.0,49.28
0.1535473931034754,17.318198265107835,0.6774933136347275,4.415388910104074,46.602
0.17439723139525523,24.9000253365647,0.5915445822857704,5.0,44.835
0.17891795178301892,13.535084502814714,0.7825698786662003,5.0,48.904
0.17593589526140474,15.220939705001905,0.6576788737171301,2.596635830747166,46.922
0.16066053263097743,20.349391779258667,0.596311459831654,5.0,45.859
0.1309344616056934,6.714090626614846,0.7446069669840343,3.428211050464615,49.337
0.21440343498062653,21.95138384220655,0.7118029938733289,3.323084297292732,45.319
0.20376578737129547,13.891703983076003,0.7032839073849171,5.0,47.127
0.16692900712356326,23.49962740206159,0.6268440849401585,5.0,45.845
0.17570219191340658,17.218722798099122,0.7590725111184657,0.48819080599337783,45.404
0.16614465858682992,19.42179961950861,0.8055063620504389,2.5847368963328567,48.567
0.1446776258994502,28.270350361148573,0.5030670172995844,5.0,43.567
0.14882865133766798,5.799936701512808,0.7161630439501072,5.0,49.104
0.1556750310227488,22.92870645746549,0.6187049326063757,2.71987525670729,44.717
0.1510377493092438,1.2700595958516274,0.8352386044320015,2.463253343063391,50.579
0.14322754084831626,9.992867097369448,0.7487090141689153,5.0,49.367
0.15997382686182646,16.747914661474386,0.6963074934256028,5.0,47.395
0.17337532740136788,13.082391270469477,0.5019247367225861,3.135329086439095,44.837
0.18537940965169925,27.832799152387704,0.7129546109819992,5.0,45.309
0.19277990977140858,21.456236499783415,0.6563919180660784,5.0,44.94
0.1830333732939383,25.510686244990655,0.964673170939796,4.78469080491202,49.712
0.13862265177858155,14.104634662808383,0.7961905707257642,5.0,49.123
0.1529059225983327,31.594394899455285,0.6808099466008901,4.934064991986244,44.565
0.143302322569727,16.45677798504159,0.7739987925557852,0.7722173900816065,47.272
0.18054578500295404,3.962080502798445,0.860116270786425,5.0,50.649
0.1619712639086107,10.058200005072901,0.6684194868095555,4.783976873682072,47.693
0.17813353266585713,15.536306354619786,0.9028370512652129,1.3825825395437823,48.677
0.13364317783121848,6.624333731327898,0.7250399198782315,5.0,49.825
0.18206430338556362,35.42992439835474,0.47887600460558793,5.0,41.092
0.2195062109594582,24.2322527194876,0.37154292503223285,5.0,41.822
0.20513859239277274,16.283364745178698,0.4990890365072761,3.2631437197636637,44.278
0.19266070670969654,17.66163128493216,0.6542152541096988,5.0,46.371
0.169419012896517,9.73289894227672,0.7214221833630176,5.0,48.679
0.17981807213582082,23.666448159764432,0.7967599040167915,4.034152793899084,47.144
0.16878681252600833,35.38357074955262,0.42316723546975504,5.0,41.25
0.16114733505002876,8.175344531396345,0.9596172802576985,5.0,51.618
0.2107316399251775,23.34519191137794,0.8400546022060448,4.850719716278274,47.253
0.2041493505103557,39.234598573710755,0.4964809934080173,5.0,42.558
0.16590018716219182,14.835360469252265,0.8735530924744843,5.0,50.226
0.2141991360685435,39.175973369293736,0.5644432861281978,2.828415763505291,41.422
0.11273786381214745,12.308807749303153,0.7916769831988167,5.0,49.535
0.15316196636311363,19.612300041874352,0.9206473262671342,5.0,49.782
0.13213864090952548,21.36125973031706,0.8261345456689008,5.0,49.569
0.19039015775497348,18.391280049538594,0.7940930272563789,2.3321257293333373,47.641
0.17613668548152112,20.53135550367358,0.5093939636231445,2.3980994972254757,44.962
0.1780781574051125,27.03942974413641,0.7719092280633962,5.0,46.736
0.1,7.521760850263105,0.6615820461588188,5.0,49.285
0.22411922768186704,39.99555226443118,0.46920580681299545,5.0,39.558
0.1468940828820087,6.629468488737894,0.853768968685279,5.0,51.48
0.20862636500844828,20.735816254128494,0.7055515236388988,5.0,46.06
0.22497031397666536,5.718978530750819,0.4823348188111251,5.0,45.228
0.21160212982569704,18.170613683370366,0.7648999353355503,2.7153925279790947,47.766
0.21132451571005698,23.905586234837088,0.6765517050418859,5.0,44.371
0.17868044384288428,29.857603447479846,0.743507525314675,2.801928547506354,45.308
0.18277638039325284,14.173973464886172,0.5914726219200115,5.0,46.546
0.16756806338812252,13.358446134407007,0.7017385658820505,2.242083019202511,47.55
0.1081522868433121,13.392331297086669,0.8089431569314337,3.3492866472576055,49.861
0.1920008874807582,0.0,0.6366810983692924,3.5933782451135006,47.903
0.18521190489142939,25.048714146246624,0.5511899672480451,5.0,44.261
0.19696595778859408,17.622399030801684,0.7862467585268232,4.3696020392259465,48.075
0.24081205421617471,19.938525000786605,0.45379298236369464,5.0,43.014
0.15731650520553642,34.30046008464312,0.32030195734952693,5.0,41.27
0.19726599900021327,3.319876113561115,0.7092992032123738,0.04664012303930809,41.954
0.19937060180146715,22.648905026007426,0.7833749682376512,5.0,47.052
0.18596959496564164,11.982860962649118,0.5665528074156454,5.0,45.536
0.166292179233082,7.973605309814017,0.7779131066386378,5.0,49.329
0.16959943043595868,16.478129795573015,0.7578557909198095,2.86073151454546,47.47
0.12872799870078824,5.8909779193091705,0.8060405420042595,5.0,50.343
0.21449889635769284,38.601282613433995,0.5461981814083724,5.0,41.228
0.15962587032126935,12.992272545678691,0.7350001771040794,5.0,47.915
0.19966751309148023,19.228387607120514,0.7310449210817002,5.0,47.446
0.27935718820992445,28.530221906413804,0.49848738952831323,5.0,41.985
0.18229216581209307,19.378394329650554,0.6594599928795581,5.0,46.382
0.13638465045994308,18.63275412484446,0.8584740516872207,1.7075097235352799,49.223
0.18439373260501124,20.362308672869208,0.6179433780492936,5.0,44.993
0.1446963913194906,2.4521944512015725,0.8606553522824952,5.0,51.665
0.14711173840837388,18.37789931323755,0.6149628047259775,5.0,46.74
0.1976840375968414,33.96967973001116,0.44606326251887246,5.0,40.817
0.22071685249904371,20.553350003059712,0.6022073400606955,5.0,44.991
0.13869821188626621,13.623644685548857,0.7640926548838413,5.0,49.561
0.23467332214471953,16.6509664096332,0.5820919993240115,5.0,45.036
0.18279904130523666,20.308349379722536,0.6515435022808627,5.0,45.969
0.21212051340343233,17.3694353630168,0.6328995798943808,5.0,45.619
0.16165359657928624,13.683972707644124,0.6753866062889156,5.0,46.868
0.18669321594267224,16.485678463154137,0.7695800456818566,4.320588009416634,47.599
0.11424946146566664,17.925574192205588,0.8449223744965638,3.799264895310258,49.71
0.16011045008412406,11.082164794788332,0.9273280241543264,5.0,50.835
0.18915185716549549,16.841874232990843,0.7406314051583283,5.0,47.428
0.11642035278128049,20.072709198101343,0.7856442856765249,5.0,49.521
0.16903723624444938,23.19618387097573,0.5260361337385688,5.0,44.091
0.1529000462731846,10.989538263126331,0.8992470015542536,4.175305367450757,50.92
0.16462512341176222,24.00050044055242,0.7665966061597018,2.909574779664331,47.084
0.17023022847594288,9.820677252331194,0.8377658142928005,5.0,49.691
0.10387318032517692,13.190605164891263,0.789844978016188,1.7897961314389996,49.774
0.15248935933535665,16.353021969180077,0.6160948365803407,5.0,46.128
0.12509764619157243,7.3961369796613825,0.7268429909429502,0.36247332031865287,46.331
0.19800441557608922,27.35334429664943,0.2643723283316173,5.0,40.145
0.22498053860162412,14.417375260388802,0.8039204298009002,5.0,47.944
0.15403174215848778,6.03541919296604,0.603822275710198,0.8195587724320681,45.628
0.21055724815699223,18.86407503506369,0.6800773406044618,5.0,46.048
0.13452217568293767,23.75337481540825,0.6631168812167831,3.0110961437970265,47.007
0.1622496240516153,12.2050317811148,0.851705623565673,5.0,49.697
0.18034738268012135,28.00702749505685,0.47759358474388064,0.7791793173964142,41.283
0.14699281707576323,8.28999113054545,0.8502507176831228,5.0,49.295
0.18243800265006493,34.001926600370965,0.5096714443374082,5.0,42.34
0.23751902126502838,27.980041678794418,0.6460002341532192,0.5961137585199556,41.413
0.22057623869290546,8.77881553971315,0.6177849958709427,5.0,46.165
0.2858376256248922,38.16191686296381,0.3484243129068959,5.0,37.811
0.1645694477565812,24.355798550037676,0.6320538520153337,5.0,44.568
0.13268376044499824,1.7806453090966983,0.7180166916599542,4.774361646525406,49.362
0.2030907067767992,5.705267825427576,0.7204454804630394,5.0,48.189
0.17810939847179702,4.139153069412417,0.9981762922817106,3.4791817089893415,52.477
0.22173947364699184,5.622118432326339,0.6571222114305639,5.0,46.606
0.1284861030014401,6.040182383953925,0.9749760187429765,5.0,54.714
0.2047568835432535,24.08062503560669,0.614255117192793,5.0,44.789
0.11594467094614258,11.084066505241802,0.6759450722156619,5.0,48.315
0.1413751033526461,4.810085251117904,0.6574397153897307,4.077689295508413,47.701
0.13344460867356797,12.161046615935934,0.804715076992709,4.4550299012402474,48.98
0.12131678365002678,13.325993831299211,0.7493896523602714,5.0,47.989
0.11541805472625377,4.027407662135815,0.7158843486266783,5.0,49.57
0.15571765731346202,17.590475689916733,0.8417499848876022,5.0,49.723
0.21638299416172535,19.72302872460211,0.6965975413763287,5.0,46.143
0.2308271057003798,27.303366431402388,0.6798417954123633,5.0,43.927
0.17651618878365496,21.11654704546089,0.7219091454099611,5.0,46.265
0.19373909573353004,29.731019976017322,0.4484928748338375,5.0,41.64
0.17420726068476577,17.253170593477904,0.6590993886905733,5.0,45.967
0.15679977159437541,21.642492627808227,0.642470670351304,4.821498964213132,46.615
0.22815162351006257,36.292264914027356,0.4148068035255636,5.0,39.929
0.16319611760412675,22.187564471317742,0.6875114501168218,5.0,46.398
0.18069927274823178,11.024080829625836,0.7933454083613839,5.0,49.271
0.25555564746622994,26.568150252064495,0.34511326269717385,5.0,40.4
0.19995810237470832,28.490452586152436,0.4584800416507391,5.0,41.425
0.16100897674889791,13.205985912790522,0.5450822268984947,5.0,46.005
0.23375569373661764,38.34087577964975,0.22768365537413857,5.0,37.316
0.15275279092003236,16.82358180998315,0.781533640868126,3.5671438239125783,48.27
0.23882601311470414,30.332003981199122,0.6266038929019225,1.4478878673829056,42.362
0.18612938954810862,10.162498488615862,0.9605650001257472,5.0,51.394
0.22475368527854028,0.6587713556452215,0.6446290873117394,5.0,47.277
0.2085124503212982,15.244115666969575,0.7048894775887814,3.4985655283633803,46.887
0.2631000946576405,26.4763934370838,0.3439264754778151,5.0,40.584
0.20900424567734527,37.33429175316782,0.4093904054965965,5.0,39.779
0.18953860773226133,16.30493676087097,0.6996423922958936,5.0,45.911
0.18132336737599192,5.928114669533532,0.7151687699453912,2.7544041565947035,47.736
0.18882900779759007,19.14006326878332,0.7736082704115397,2.704903242023262,46.5
0.17863670183893163,19.91498978550444,0.899289296517503,5.0,49.565
0.15844659290000054,14.630631942604568,0.8051942448325997,5.0,49.047
0.17723463097742048,26.40151289576095,0.7569850503615962,4.240301588076659,46.55
0.17274427460920797,15.80248523681947,0.7345234128972599,5.0,48.358
0.16306602517188973,20.524212151811177,0.8481081548602433,1.9252999723419504,48.311
0.21936067383070032,19.233795134758964,0.4834955592929575,2.4611489947754435,42.744
0.29079379089937146,30.469455446042538,0.4922721731748223,5.0,40.21
0.19420279289297898,17.374354290117445,0.6476055500484352,5.0,46.332
0.10937266184463779,16.355274302024046,0.6943078062252792,2.6196270990056805,47.978
0.14585652602189023,5.907263811175593,0.7625838183658687,5.0,49.954
0.18276173529080397,28.902175411114623,0.8628910718800068,5.0,47.977
0.1036866424320589,17.674800592589488,0.7826484739609694,4.447336235449733,49.954
0.18051148611196965,16.85444401428359,0.5819663554306354,5.0,45.567
0.24816716698141963,43.859468773416005,0.2886152395923708,5.0,37.085
0.22868026158410443,25.139074024853883,0.18558509547593355,5.0,39.552
0.20766881493825526,2.122012221739773,0.7465071766843769,5.0,48.332
0.22060753976487835,20.667173591959724,0.5437575845996754,5.0,43.732
0.18622597504229815,26.29885857047102,0.5753764953822268,5.0,44.156
0.16249376082502626,19.269737586310224,0.7425731642707301,5.0,48.332
0.17185802486395607,12.22304645124035,0.488876702765877,4.211328281092827,44.837
0.14767376359541015,21.928245839993796,0.745768171228123,5.0,47.273
0.13176046452432266,18.045851731228176,0.769566685338496,3.915539326989672,49.667
0.2317065972304323,30.076278385345304,0.2112954005185495,5.0,38.322
0.1678037757385148,18.35614530726491,0.7896821729138594,5.0,47.122
0.1179887455500722,9.102058044430775,0.9427233112729542,2.8785793234983563,51.571
0.2569296912775566,24.807807701595074,0.6176196681937749,5.0,43.465
0.17459419828923098,23.888336476742143,0.5560905589693548,5.0,43.404
0.12924703738698073,27.294676360686378,0.7700654264675804,5.0,47.631
0.25094580291494084,30.583745296381228,0.6474812563147808,2.102747303108103,43.417
0.1964715018862674,16.960946376702584,0.7081802087958794,5.0,46.724
0.135134356203449,0.0,0.7907995713224086,0.1649724623427573,45.87
0.20683768278359604,15.281958809531135,0.9315114316442743,5.0,49.164
0.16796134531894602,13.799452679015664,0.7949978589429935,5.0,49.33
0.20993748030719708,21.56729696871939,0.3866883776056201,5.0,42.159
0.17369006717613875,10.724048797921379,0.8845852750772858,2.875610502914041,50.3
0.1867511600270888,30.75544743333292,0.5564532904059236,5.0,43.64
0.26009949532754606,31.939625269505925,0.5879124074239526,5.0,42.013
0.18371245807391226,18.621673523500576,0.8926320053825694,5.0,48.827
0.18354741863452664,25.05558933301561,0.6927951407088353,2.77258637530298,46.398
0.14110703525448695,23.517327871135524,0.6536334915879995,5.0,46.328
0.1,13.730934516504487,0.8702509346078451,5.0,50.213
0.24066187068060818,31.78737270808404,0.32486720639847916,5.0,38.683
0.1495788441841035,22.32665870548534,0.5429774090876046,5.0,44.622
0.2253584174658732,9.424308856002346,0.6620636949686138,5.0,46.553
0.19021945582273447,19.59859789477135,0.581195369766958,4.375931514491942,46.152
0.19311228958852675,26.48499549583176,0.38662556224303546,5.0,41.204
0.13572595152405434,17.320832180053266,0.9033364054753046,5.0,51.29
0.22291534369052657,25.38346969512196,0.4945521903420852,5.0,42.728
0.17805116769745236,15.93370230194655,0.80056165476318,1.5488106875673775,48.149
0.15846719950391738,21.519386225947386,0.7502143202944344,2.1729641638063546,46.903
0.13493817225128688,17.899469268868437,0.6766073208548579,2.8428102721981805,47.354
0.15128981997722268,30.536520229580056,0.33542235930215536,5.0,41.247
0.21647340348784666,11.753568566623066,0.5984035377063497,5.0,46.355
0.17869381032631132,21.7478686960076,0.8695402210020218,5.0,48.733
0.14330940440331663,13.45975620790713,0.8287810142496173,5.0,50.766
0.1748270656606255,6.751115825820079,0.738950404476879,5.0,48.537
0.1848369433578841,5.335589784406949,0.8496444937409516,5.0,50.115
0.12062079487214865,12.737283338741134,1.0,4.7115693305530915,53.411
0.1,12.790785715492195,0.977517436166543,3.5471420415232773,53.087
0.12098952832308404,11.52084943478337,0.8931324715179851,3.5542514507738328,50.655
0.16276485627504142,26.552817991399273,0.6056131432944338,5.0,43.737
0.1741209227220581,21.411694727922185,0.6561732886327573,5.0,45.717
0.23412798121955272,35.05795300181349,0.46770045699500806,5.0,41.336
0.21081506863574578,16.096958636897696,0.4806517648834337,5.0,44.531
0.1632303153777076,16.345859422173728,0.7716901750491219,3.9072442100438245,48.252
0.16690756627555148,30.661433584129426,0.7000058130641115,5.0,45.042
0.2183015433508716,30.118529608958564,0.5190320867344884,1.397828638290166,42.114
0.11919297261351505,13.328505038376557,0.7836154450522168,0.0,40.882
0.12850167086336217,8.765176404834968,0.85914207799873,3.1962438778526545,51.273
0.23742730149556435,41.21450772056414,0.3207515171888845,5.0,38.795
0.183490891806129,29.01188208694485,0.7226341832329355,5.0,45.916
0.11416674533897411,9.608817312327993,0.9474295833897084,5.0,52.095
0.1232371782968239,31.14025330249798,0.7538849465244033,5.0,46.661
0.2015728943378969,23.703228937665976,0.5745712128898407,5.0,43.834
0.18542226218160446,16.056811740265964,0.5188426942423445,5.0,44.814
0.24087074252992977,20.44542441083253,0.8179351838597162,2.9272288360310177,47.235
0.20675357550175788,16.535802600837453,0.5524780029898951,2.870787301377165,44.776
0.18721088958451088,24.763747223362536,0.5719562851011967,1.521649803889385,43.61
0.1274855325879,4.649791776411805,0.9280698298316282,5.0,52.543
0.14064011127681564,10.745039433139324,0.5775794394886574,5.0,46.55
0.1,22.86459606962154,0.5803294847714755,2.075624285706351,45.304
0.19468266659893868,21.782054222677495,0.768177669118719,5.0,46.798
0.18184232678424575,21.12969244195061,0.6864544769471534,5.0,45.66
0.19737950085430253,34.25087314110391,0.5738470269286131,5.0,43.08
0.24767400564375225,19.437577634294136,0.4086282826851072,5.0,41.518
0.13781197390637168,13.22237350074923,0.6694628024849543,4.172975112046538,47.868
0.2657032962203875,22.624222699598697,0.6825909378785737,1.8258278463784818,43.548
0.18058902785967812,11.42683129499287,0.755673358838233,5.0,47.766
0.19137480277680374,16.462609203106297,0.7953411760032727,1.7363109388604105,46.827
0.13642659598510992,21.489673555128903,0.8396344287681852,5.0,49.14
0.1,17.752914887482653,0.7705622819627445,5.0,48.92
0.2403835609632231,34.845650782540886,0.32543864668709055,5.0,38.742
0.21089314765588177,32.13729371302073,0.49243379720352076,5.0,41.376
0.11787707460376451,24.346534576748525,0.6104075697257023,2.546411377139849,45.911
0.15821952774259954,20.50687458175421,0.6753711166470908,5.0,46.192
0.22046758460995453,29.814881990190667,0.604210405331962,5.0,44.076
0.23210067653979505,21.422516230039406,0.5831136513980646,5.0,43.861
0.12799479957250015,15.227623092875259,0.6472566734297617,5.0,47.374
0.16462305693805132,24.886080157581294,0.4692125706169311,5.0,43.75
0.14779100507197424,15.153897641232117,0.7612511000927957,1.7400110712736803,48.551
0.19171150149826793,20.79483974034637,0.41739370815778776,5.0,42.448
0.197520552047606,23.515519055992705,0.700344615213818,5.0,45.506
0.12067946267463364,19.64879443430935,0.6431087352391736,3.119840213391541,47.134
0.21585718746304755,14.833319556493969,0.718719757629364,5.0,47.49
0.16322651501500013,23.75717269668622,0.7357832229597955,3.7887357989347277,46.293
0.12378324283149865,10.804870888654445,0.6972313019717513,5.0,47.89
0.17547008973084938,14.210555490974565,0.6417998648987864,5.0,46.565
0.1493518314703673,10.129018341050633,0.9218430975532452,5.0,51.501
0.18032937722081582,11.235073570817187,0.912226255409974,5.0,50.406
0.23739857771547157,25.147317507887653,0.6189994544589567,5.0,43.4
0.20055927632052933,14.998675759815413,0.5426925355775812,5.0,44.146
0.14527480519398217,18.272330365950182,0.5873933378871486,5.0,45.515
0.19557337913350295,18.379225960401634,0.63394803583115,5.0,45.934
0.13527427235117917,21.905223002079886,0.6771404526890408,5.0,46.478
0.18297121745768677,15.093365991503479,0.6394091508620285,5.0,46.065
0.13709666393999181,5.336671789289172,0.7424438086701156,4.3140468169185455,49.064
0.14135113362989477,15.697713357102712,0.8143078140094694,5.0,49.124
0.175565286567204,9.447813289602024,0.84524174569215,5.0,50.075
0.15289295432781463,25.066993651461758,0.7390969412582532,4.4398344006448305,47.366
0.14660763493136578,5.566201606456087,0.5764888466054909,5.0,47.933
0.18695420085646608,28.54399356747124,0.5095877402966593,5.0,42.476
0.24799000835503143,10.860908300061656,0.5668224581762291,5.0,45.199
0.24203230875213028,35.52767519683279,0.4463203256863033,5.0,39.839
0.1411464155524937,12.941363237376459,0.9220800651459115,2.801517208372091,51.469
0.18582349138783044,15.181101908717476,0.5747662662109256,5.0,45.657
0.1671438588223899,15.619010850850584,0.8000783932318427,0.7368774856283745,46.889
0.18531416990528976,33.5180183890608,0.5716409673310879,5.0,42.507
0.13408568542369653,5.86849745558459,0.7863744944043671,4.155620044699965,50.031
0.18015999817035297,8.836723705624532,0.8490838398782365,3.818202768038189,49.935
0.21935869872298788,14.210383558646702,0.4512125043888427,5.0,44.108
0.17886665943829327,25.829791560214023,0.681664087426044,3.6852841833964303,45.64
0.15039515886628793,31.02939665478207,0.6183892625023101,3.1821011101843983,43.936
0.2012999957383709,29.96396700489064,0.4792953607026301,5.0,42.075
0.19185122568237176,12.027938376967018,0.5594668782189725,5.0,45.116
0.19274366730183248,26.597793715601377,0.5567640315635851,5.0,43.923
0.17977643769090756,21.720983880511767,0.6080765062199811,5.0,45.674
0.15650916222262634,26.999244041365916,0.5687339016956254,5.0,43.295
0.18332168580894123,20.320160036908824,0.6325622857576241,4.5860560229874885,45.702
0.20753610565345018,17.273976700647367,0.5653000641762442,0.7591728603391341,43.043
0.18660193660180813,13.610859369942268,0.6937714298493954,3.051324834887673,47.88
0.17707148613324164,34.30999275938059,0.6309863965935213,5.0,43.677
0.10581755919660335,17.502556236607273,0.8137977080056601,4.207977709694649,49.9
0.22495168247259864,7.149584756556046,0.7856392373614374,5.0,48.746
0.1858761051506764,28.45634771321344,0.6301065572926369,5.0,44.439
0.12403791668853274,11.802787531273372,0.8023867217754629,3.2658443811347366,50.284
0.16448519595061184,19.485794063853298,0.8472004618967997,3.903905787146724,49.749
0.12299644041642446,15.175475187536092,0.9079163197841389,1.560857722062691,49.932
0.1,15.799610617980296,0.8429152466176298,3.8607217929356974,49.365
0.15999969432851863,11.140706911206394,0.7948187659001326,0.018937183398453628,39.979
0.141460879188999,8.58421061021976,0.5451535161329684,3.156396496880706,47.064
0.2370512853538348,25.985931395136156,0.5721091706376293,5.0,42.774
0.17454256450655475,9.710359414590794,0.712414652288179,5.0,48.707
0.1649302216691063,7.570138708044144,0.6510273297163061,2.099444531126587,47.604
0.1,3.1435557278262323,0.7369346152101222,5.0,50.767
0.1317176568959441,11.968171535956797,0.547825400868054,5.0,46.3
0.1779030414895587,17.938238347348236,0.7948402401120335,4.3249941919836346,48.522
0.1415248509337185,21.895719525201464,0.8228393790588335,5.0,48.058
0.16375370978809217,23.869832750063324,0.627238346758101,2.9122604754062613,44.636
0.1705904344521643,19.54697795354497,0.6656689527832244,4.337844844486408,46.36
0.20371954136405745,11.676908174650404,0.7852949523296313,2.903943504834088,48.829
0.11793012511302796,22.403651724183607,0.7428247950398468,3.369344734569229,48.217
0.17366240398767616,11.112882653577138,0.6126214651118,5.0,45.873
0.1372691412911517,7.960549027721617,0.8620815697864997,5.0,50.598
0.2599881208132667,21.55180032915731,0.6072970296425119,5.0,43.464
0.19797029108458433,25.657336325430414,0.773068062402508,4.743511052084652,46.019
0.12762943354010375,8.874538907510317,1.0,5.0,52.95
0.10514702368402955,12.561100875231134,0.7297640287000433,2.9533887055442665,49.135
0.17555007572275308,24.45769702228314,0.5180011845088882,5.0,43.863
0.22020384547348076,14.4778677971698,0.8531349427675295,2.5832936127136015,48.268
0.29533694515903935,34.24302362164305,0.43790804314595216,5.0,39.068
0.17015836011912341,20.365736919348592,0.6760776478567818,2.3290127376633807,46.394
0.19780550639665048,22.072258967506645,0.4738598642932713,5.0,43.221
0.12505362614807436,14.58527909543434,0.6187427751129717,3.38067901251358,46.629
0.17022000076466517,14.709400918121625,0.7987812244838369,4.4482781231462605,48.79
0.11898181970484517,11.093600902996654,0.766984216650838,5.0,50.086
0.1774368050738849,1.078032066422404,0.9376779165361518,5.0,52.935
0.1818469960765362,25.426696114934416,0.7212842871757082,4.845071077239449,46.2
0.13338903682573103,9.232417496066077,0.6263273221282208,3.562348211350557,47.546
0.18926572402238787,22.354985868108905,0.7487831177371047,3.629431804389326,46.789
0.2056432468480932,14.434783816346055,0.8190513561426864,3.6528534882349493,48.359
0.14239464967527413,28.74840459161568,0.7216114377826744,5.0,46.15
0.19083763422402866,35.69537342304223,0.401924342217915,5.0,39.959
0.17547730071803716,33.746126438364456,0.6335509655902622,5.0,43.946
0.2160548790748083,28.8171751479986,0.5574535681777035,5.0,43.039
0.15465155933946678,29.07855291072277,0.5796675871483298,5.0,43.56
0.11151402861071255,18.062566808521282,0.6568312822372331,5.0,47.602
0.11792200498348172,16.885085974407502,0.772628722696258,0.0,40.432
0.13845265890925196,18.60441125436237,1.0,3.9534644729451958,52.104
0.1618107468513561,22.365388779118437,0.6562042933742577,5.0,46.433
0.2330779471428689,35.18649166059117,0.30444296329816256,5.0,38.479
0.14474190125343087,11.226111561033772,0.7137522639479965,5.0,48.604
0.16073134796496322,12.782046710146826,0.7369447621870754,4.553475614174925,48.079
0.23489402049009545,14.401153173678862,0.7264942368495187,5.0,47.457
0.19252237270793904,16.336982047014317,0.5205089614221083,5.0,43.445
0.13281464980229918,0.0,0.8545755685940213,4.8221710118782175,52.057
0.1971493985517133,18.26286253526783,0.5451724905166733,5.0,45.374
0.2036537988147377,24.038625692079172,0.5767404313908103,1.5387060747192007,43.081
0.18588006798520362,5.490183649255499,0.4777960148833872,5.0,45.583
0.1204614921871547,5.371698114930956,0.7866699578014367,4.18525606991157,50.228
0.2151028316700619,7.93736133734528,0.5290791663309625,5.0,44.615
0.11762016412800139,13.362998046908967,0.765763950607883,3.049925645692568,49.103
0.12310236236184116,15.158025266381689,0.6143460239017776,3.4336195476415523,47.043
0.11387447466947684,24.057387188136403,0.9117749724632306,5.0,50.293
0.21151613802954855,19.59051337426566,0.7761809961509634,5.0,47.31
0.14468352478920757,11.286655376054684,0.6015349781576782,3.0741911556517456,47.224
0.11928144035287488,20.235907710948936,0.8349908296034497,5.0,48.847
0.1918164346662175,7.634615195076767,0.8917666641905577,4.912911307894183,50.755
0.25712936358512684,32.93752213942336,0.37111461105974375,5.0,39.653
0.18848209535367302,20.66641819956309,0.749663627127624,5.0,47.275
0.14915718047756743,24.3597786759928,0.725190740377311,4.287487953067757,47.016
0.21839349902554694,25.71436899688737,0.8102230087528155,5.0,46.776
0.14114196252842834,18.61433530749782,0.517909154192467,5.0,45.626
0.19834650815196259,24.573401013866444,0.8139097289114732,3.913315419124456,46.959
0.15517844599985559,21.2188373359306,0.4074892739247873,5.0,43.698
0.2089191202622243,13.154430831094103,0.701936577220615,2.860854897499523,46.938
0.18756821539303722,26.121593240800458,0.5476803368542034,5.0,44.161
0.21953799977482866,15.758612212029332,0.589241064452917,3.857347781662174,44.152
0.12577810137479958,14.947050376858451,0.8659508777894651,5.0,49.609
0.20678646845466828,33.02345636634392,0.4039658199406212,5.0,39.446
0.2062869982445915,16.67044646605055,0.8197493079107667,5.0,48.548
0.15708040807025953,10.07788121576051,0.7776343440884618,5.0,49.998
0.141880822718744,16.39129723123038,0.7086211084320165,5.0,47.491
0.16307609755715627,17.305521652100865,0.6243351379137639,5.0,46.364
0.13403978387247792,19.07722392826011,0.6095879373598352,5.0,46.665
0.16409359909909588,14.688755080448612,0.6296779362880408,4.137904464818598,46.525
0.15763537558813306,12.117282715682745,0.782711337264307,4.140101770911897,49.716
0.10810468358180589,14.81805759339743,0.8832832020041321,1.9486796761210337,50.372
0.24121401925761687,31.680658913962624,0.6442852790992589,2.835208982248675,43.058
0.2110541239929291,26.433222345507765,0.6565413798371871,5.0,44.975
0.15983221347725582,16.07900752204182,0.7868449086565434,5.0,48.472
0.25180620694768,31.263990761739212,0.30629008574740885,5.0,39.486
0.17173996495545263,21.956206418548263,0.5523306655346004,5.0,44.928
0.11938596454888141,0.0,0.9143415541568991,4.670326556644121,52.865
0.2750115999973485,30.942797469004123,0.09969653222760982,5.0,35.994
0.20433450683558566,7.257564336488269,0.655171887613394,5.0,47.137
0.20924298714168474,38.99723663609714,0.666356552799892,5.0,42.705
0.1610032720504781,24.16103515305115,0.6142294293994649,5.0,44.419
0.14595139480429015,13.114383172876506,0.6042802108916121,5.0,46.426
0.19356024841266897,14.59825187230908,0.6453674834742894,2.8724208435363447,46.622
0.18307907632378217,5.959670684172976,0.7608363156303275,5.0,48.884
0.14090674716279075,13.939804140228016,0.663038811234953,5.0,47.682
0.19268502166185178,16.858388456592095,0.940153524229862,1.544733190278164,49.017
0.20551559741254916,12.064520558691811,0.6915235982029343,4.195167834069069,47.107
0.20782768171073732,32.29618229945338,0.6406171349923964,1.9091735636781109,43.329
0.16052729501196733,28.561426432633425,0.7580233547194706,5.0,46.771
0.1302575269463177,7.365578741022672,0.7370141467669918,5.0,49.251
0.1591859710915177,9.806369931321015,0.5837681333477145,5.0,46.678
0.21896490957713186,26.38849293515038,0.5044482546425749,5.0,42.697
0.21143359731706973,11.900611251110432,0.6918520100762053,5.0,47.838
0.19952536387503614,25.80551860799684,0.673339099755113,5.0,45.356
0.1,13.14036805098063,0.831428278587898,5.0,50.76
0.25647025692832576,37.695796845329895,0.6283117053107338,2.0961046760910245,41.982
0.16766976028457561,9.991365192805063,0.6103476105818416,5.0,45.452
0.10513655086848701,8.226262340390845,0.6227090235764359,5.0,48.967
0.1641791577686103,17.98581311298066,0.98374803217926,1.1450983518325395,50.865
0.14883902846020386,23.107576420010616,0.65403338455457,5.0,46.045
0.2771467900463157,25.717506976803985,0.45666080091564354,5.0,40.831
0.16372460563718474,16.04523426038268,0.7691777014530895,3.6186373483555885,48.716
0.13189870682178084,18.50491249927933,0.8202409335926372,2.149316658191548,48.653
0.1295210911244434,13.065032083892023,0.7587326275883607,5.0,49.186
0.18843044997728117,21.783709217427926,0.546571904511485,2.1558728669464924,43.697
0.12877509324420622,12.734264132678925,0.7644959361755419,0.659522697419176,47.702
0.1600330104100442,12.458859388445838,0.5589087318414933,5.0,46.783
0.1556545850519231,0.0,0.6787207613682011,5.0,50.208
0.1,16.436448354323282,0.7973121346367362,5.0,49.914
0.19318398752212265,21.796456474630926,0.5632005090094976,3.2087913410792614,44.433
0.1849952151166997,30.52657218037455,0.7520260449242988,5.0,45.701
0.15147560041252622,7.2807413949776505,0.701083451233559,3.10671071660219,49.179
0.1784429959185107,18.206862873820736,0.8550749132737812,3.0200559099595625,48.324
0.14250958411662323,22.19943354999309,0.7200784265935657,5.0,47.008
0.17709778065059287,5.852133248822076,0.831602786858989,5.0,49.903
0.20948080406771785,17.187295383939436,0.497674369884879,1.1621221755363123,42.788
0.2274303300089284,25.296742539933536,0.4145575838179596,5.0,41.747
0.13980756720523668,16.668050199979547,0.6499586807542063,5.0,47.088
0.18404410534130664,19.06090796746507,0.6142435557155096,3.448027251942551,46.006
0.1360362487644063,7.477790859774068,0.8166656115169703,2.324988654704228,49.012
0.2559479480308524,25.20070301374598,0.6674061405071143,5.0,43.697
0.16396784450489782,30.87644757921992,0.397451029334817,2.6778102731717217,41.356
0.1635881285849198,5.7460732720949075,0.6497270133359585,2.379562946855222,48.424
0.16907792464764912,19.01354764741751,0.6850658819243656,5.0,46.754
0.1676345905526359,23.342781593809626,0.6793664409286175,2.4862077091250705,46.452
0.13415951490468006,9.335432910080947,0.7634955025588255,5.0,49.24
0.1,5.980600404990161,0.9171529547762094,0.33512158116305657,48.343
0.1973170077243262,18.543722022192348,0.37754328887481137,5.0,42.469
0.2030951967874516,21.481430024313998,0.5934389240998408,5.0,45.154
0.14781641799607445,14.172834978286572,0.5685137728928061,5.0,46.221
0.1311086245589547,17.899115370116647,0.6573068655662426,5.0,46.868
0.2168373187453848,17.404644177488336,0.36279380112069465,3.606982026177476,42.143
0.1997819561052025,19.08199361144809,0.7839320290924652,5.0,46.877
0.162773542474332,16.30937385034259,0.7923961836569257,2.230998661988312,48.914
0.19849457953912775,29.67911439475004,0.26268672646371016,5.0,40.496
0.15638965720030304,24.309530481696015,0.7951261820727586,5.0,47.115
0.22022139144578065,26.32204493850154,0.4422626264664576,5.0,42.09
0.15093233521421678,21.439680562665156,0.7966401843499258,4.880988019189758,48.409
0.17830178338919403,20.6559166567821,0.5284172839226721,5.0,44.339
0.13230531594658612,6.894502468149094,0.7185678657071687,2.2330564007658835,49.021
0.19163320890057584,8.520668466921904,0.9121851178459194,5.0,50.599
0.13111682826115256,10.142656100631651,0.6239956245060768,4.74758889728786,48.198
0.13173313245488594,10.547249677943421,0.9267846545890887,4.271322122450842,50.889
0.19203641248949382,18.924689557599912,0.5035679308341328,5.0,43.831
0.15548292672893893,27.053063879631903,0.576212780755665,5.0,44.022
0.25724632897968125,16.72272588518452,0.5782765195029488,5.0,43.87
0.2646151440815487,42.68739052771296,0.22253647195486703,5.0,37.717
0.15199152270899016,5.060153212799026,0.7137057857097294,2.213778088316403,48.64
0.2287687111953692,19.1016238143457,0.6163405910963634,5.0,45.373
0.15368674356131815,18.15490209288062,0.8717266629307023,5.0,48.982
0.1749066222233788,27.983777283500714,0.9322545804835203,5.0,48.887
0.14631707614286837,22.703819463430357,0.5681920467536232,2.8610695414379026,43.618
0.16646446948747154,11.893291518587684,0.6677515204400658,5.0,47.588
0.10974389332686493,12.784308568156572,1.0,0.675136572543039,50.988
0.18889703467192787,24.28460583260644,0.6297176606747354,5.0,43.974
0.172231362247592,31.21043499392662,0.609100471469178,2.744765087589295,44.272
0.18470371662110857,17.993044726346824,0.6334262142901952,5.0,45.909
0.11195529757860354,2.951299049968739,0.6434670263218294,5.0,49.368
0.18757229915729548,14.6465848817877,0.6340940790255633,4.663484787224422,46.27
0.11730778192265348,10.135071978539717,1.0,5.0,53.585
0.17585629283355747,19.652009031855584,0.7179737360876769,5.0,47.128
0.13115997012446587,12.677642338415248,0.6978142602923337,5.0,47.878
0.16956051253853943,19.718616226634495,0.6667363519042756,3.980941138384416,46.956
0.10865119896687928,13.831252498717994,0.8458247292421787,5.0,51.125
0.19081980580993965,21.98901650471168,0.6329452605293661,2.430567713421683,44.646
0.1608763680928,19.105024625895503,0.7439055552322305,2.63858242666615,47.0
0.15799905108377857,21.764564799379805,0.8477291908935449,5.0,48.255
0.1,8.462808458249814,0.7781351352075343,5.0,50.679
0.2007353329300102,19.32564818939004,0.5767087335186837,5.0,45.559
0.19223753571227423,22.677711964408253,0.7408808986259714,3.0638282807570416,47.224
0.23591125835378987,17.806614303038767,0.6543090374090426,5.0,45.425
0.1715549425847313,8.705523654482853,0.9023984097656863,3.680015195437815,50.358
0.1696269204744512,12.900358261711158,0.81896332320067,5.0,49.352
0.12283904608279121,17.160642079671135,0.9323786805122065,5.0,50.65
0.20999124345819872,32.050807262945874,0.42966354134248835,5.0,41.398
0.2027391757658754,7.775361593208142,0.5215004448806585,4.557097740078454,44.257
0.20438943420586697,23.43532701667908,0.7814774400761187,4.832068763270535,46.583
0.1802591533740021,2.6639979091229264,0.8136919408794333,5.0,50.688
0.1633702094986477,12.0922798687422,0.9533506387687364,5.0,51.844
0.1824967947268399,25.549305100488034,0.8140800741826597,5.0,47.189
0.22382207827037645,45.094001199871606,0.319622107999106,5.0,38.107
0.1834528952639312,20.14814265611206,0.7185260695756603,0.9196962969756084,45.02
0.20358006623918884,8.788387691761308,0.7308522703747995,5.0,48.159
0.1396850272020092,10.982053200586996,0.6196920646314904,5.0,46.732
0.27708131848629375,34.90451571602794,0.30192142084788715,5.0,37.739
0.3009687707266516,24.251857091178664,0.28295315476820515,5.0,38.802
0.22157750222478745,28.766303532150896,0.30541741047526005,5.0,40.25
0.14555914524052221,15.758555937941043,0.6300579243982014,3.219427951657753,46.843
0.2368640080385141,27.71533909929847,0.7007128347197208,5.0,44.788
0.15850912012442156,1.2381724170565107,0.84890740772821,1.3122738874768975,51.129
0.10208217007903671,7.895404689821502,0.6740699249337411,4.8222864763569975,49.2
0.2245845136393661,12.168761574390624,0.6920889354791933,0.17167022105786406,41.174
0.13757946266762894,12.344126244915962,0.845938568425011,0.9321223057652607,49.535
0.238890279102408,29.06748392278144,0.559956479250855,5.0,41.616
0.15804275060179837,29.022661150175395,0.49399155181991733,5.0,43.297
0.11852317637859444,1.9601333851798781,0.8124626699653099,4.913044696798343,52.261
0.1793735776385164,26.0080806797323,0.457199966919801,5.0,42.871
0.14447252731185467,15.049181767232326,0.9211839557855978,0.6881808929055374,48.694
0.17532775253928082,10.862945678165566,0.6718234188589136,5.0,47.935
0.19864861920861274,27.802033436605182,0.5693486223334305,5.0,44.04
0.1509479472177568,17.749892122507852,0.8634871870987982,1.5842169332605103,49.355
0.1,5.559662808352877,0.7738585719730379,5.0,50.552
0.23032917145757537,21.43533821933037,0.762710643637827,5.0,46.598
0.1802733106503595,19.74137618191902,0.7565082968421317,3.3219847915140317,46.228
0.18786245553626352,9.255828512061452,0.7539124479577051,5.0,49.141
0.13372978968169047,16.766891368616424,0.7783614434894602,1.2942754556355534,48.305
0.1765182700173808,18.021477080970847,0.8669165186334749,5.0,49.188
0.1915326851031865,19.52231144883782,0.7857228148423971,5.0,47.792
0.23613779482854147,22.143505527230946,0.5835194082277223,5.0,43.76
0.19928313942953274,27.981673140255815,0.6037098698678589,5.0,45.035
0.1370425570961683,7.000327999435043,0.9737990416116128,4.129415168247503,53.246
0.18599166726999225,12.45644111080158,0.8318138070864648,3.5692281863092843,48.407
0.24455981822086484,30.399039838089593,0.4100396496760416,1.0545953937839343,39.603
0.17151944241920306,14.01168375706895,0.6058439959438859,3.4684719245441857,47.286
0.15504967291950753,29.00233668335702,0.8961173964615126,5.0,49.187
0.14265423550314063,14.22790309550751,0.820205319672113,1.143307021950118,48.915
0.16452400432723174,20.749565215606463,1.0,4.003165463269245,50.907
0.16876091048142983,30.614934859729797,0.7049878777470011,5.0,45.843
0.18530239188960368,6.984151851704524,0.8068063776847955,5.0,49.645
0.15711231206851056,9.872484684337387,0.9424245440675088,5.0,51.762
0.10894322885802732,17.378394904369564,0.8029429269973594,5.0,48.857
0.2354985059399236,25.644767514259556,0.4948358207424156,5.0,42.199
0.1650932087015722,29.489135358427102,0.48598349927888096,5.0,42.009
0.1,9.157094351675129,0.9477883976775632,3.7145221420621755,51.81
0.1467512965693279,31.245561699728402,0.5829473983801176,5.0,44.557
0.15525068342009926,0.0,0.9215327899905218,3.9467965950395154,52.636
0.21209584555133318,29.178966227953303,0.8210964080269799,3.7350491749488555,46.34
0.2729749920004265,24.689494313147105,0.39782999584421147,5.0,40.762
0.14118191162791185,31.06464467770339,0.7192941157962919,5.0,45.9
0.12903671381822035,21.131356291997655,0.7463046979347717,5.0,47.814
0.10958509435678343,18.391927501810137,0.8241790036518328,2.3164075091175205,49.57
0.15809064783083432,17.41245900286784,0.9213183225853849,5.0,50.747
0.14334118366490675,4.158180753309109,0.7454194840487037,4.382486959378784,48.767
0.1625740818311273,13.010426075867658,0.761631607762939,5.0,47.83
0.16908845821981458,11.59409255152708,0.7168796980428865,2.0615151870210435,47.788
0.1111034359038375,10.42902209859936,0.8083878506627328,5.0,50.504
0.14309159062073223,14.08401316986446,0.7439337436625386,5.0,48.06
0.2010692090440393,14.561307117876721,0.7634068409050162,5.0,47.922
0.28748120121704346,21.663006096539153,0.3589677635025977,5.0,41.258
0.15428025132349069,23.914727030631525,0.49903632410868104,5.0,44.37
0.1638601094866028,31.5161089937192,0.7391983128948395,3.2647237228315227,45.054
0.15310434005490448,22.046988632113816,0.7455058754965531,5.0,47.459
0.18050871591632042,11.605864997117784,0.790006139899926,5.0,49.202
0.1830506693845803,5.931125386852383,0.6346225715390208,5.0,46.728
0.10593331611282832,12.296924625076368,0.6751468426671287,3.2239001900160695,48.821
0.12797037121421678,22.595799001631875,0.6111418927770218,5.0,46.2
0.15852800523835556,26.056737463032874,0.4788024132398837,3.131544424326343,42.848
0.14703557059188668,8.916449099371096,0.5264204308039896,5.0,46.014
0.15211646371662244,9.243698150318655,0.7084802147201829,5.0,48.509
0.22479090924978526,20.689215086178777,0.7538957685160828,1.6818664625027897,46.041
0.1948024965683888,6.592512218022604,0.7208203298053387,1.7922187793030395,46.881
0.17284866478591884,11.799352741703554,0.8208110590270247,5.0,50.407
0.2105498804294368,22.216654196494098,0.5298996121630115,5.0,43.884
0.15444088098397732,19.280207245264155,0.7303238235135192,4.550820392735027,46.827
0.22628251794015047,10.886009868913069,0.8725633120893814,5.0,49.647
0.19527971901793342,22.766468524560356,0.6471059199610995,1.7742964709949365,45.298
0.16490363166245037,3.6968777986780594,0.7753434837657244,2.312057425815625,50.077
0.21915523606196274,15.5368575841338,0.44373211831706283,4.410973836801458,43.781
0.22454674871741173,32.04892060707641,0.3074807817029013,5.0,39.437
0.20088872636887878,30.47305126601054,0.5739719304785955,5.0,43.714
0.15335674182308096,25.167509238995123,0.6862305832503423,3.614318464591314,45.014
0.211944076165961,28.105888657418017,0.7603302277634516,5.0,46.287
0.16351138825263895,0.0,0.7970627248195121,2.0727387753121427,49.462
0.14710037121725408,33.35330740616218,0.5772274724032986,1.4963128413019404,42.925
0.2212723427691266,19.10913206330676,0.7302051368414628,2.2846030110437203,46.283
0.19180040669080015,22.290604288984504,0.5612475281189757,5.0,43.998
0.16702930548019346,29.24993571181937,0.7907856212726723,2.778312285019286,46.562
0.14208410722166182,7.426930160725242,0.9581175159515736,5.0,52.77
0.14615025343414215,25.706217081767,0.5667953881292308,3.091986562481568,44.225
0.17736022796959108,11.016367774699457,0.5350160248873278,5.0,45.609
0.1490459467093751,18.91345607204589,0.6005919584768983,5.0,46.304
0.22003041043165447,31.756679312969084,0.6221252651052963,2.793283500406542,43.335
0.17725984775379552,24.131781325889143,0.6982784929474709,5.0,44.921
0.13107728706383776,31.153966968957704,0.6505250244855247,5.0,43.635
0.18663644881757385,18.023125083917392,0.6251672840395635,5.0,46.087
0.2226339833574983,25.780234103582618,0.6658482774199936,4.0609275547010855,44.362
0.14483988724204203,14.46568038995639,0.8652362358964429,3.7990711606734155,49.707
0.12378532897297341,0.0,1.0,4.109127156637859,53.611
0.1463259563921832,8.3759703073867,0.5842105202240503,5.0,47.759
0.10070693672498983,22.98234087195192,0.761211618924297,0.32816478753364015,44.704
0.15194357101237438,24.625598376355697,0.9032402364018992,3.907096286306468,49.658
0.12625401581267978,9.526147767211794,0.6781545633511267,4.922657551040017,47.765
0.17112361180996039,15.337296905639409,0.7669652581032506,2.4079424912170824,48.044
0.2187223948928753,33.09322524832105,0.33906471532686144,5.0,39.667
0.21936163361512825,28.516286036330925,0.3510219493755,5.0,41.294
0.1850246883817657,4.670275747822691,0.8144879626320013,4.415042522901248,49.277
0.1756144451889516,16.16234333910943,0.8457528847335417,5.0,48.236
0.14552473147568826,6.747549683684583,0.9991266339060578,4.477299532890736,52.571
0.22373132278203844,19.05550605953986,0.8260313858799934,4.339467457163698,47.161
0.15260199691189913,22.806124137723636,0.4056649327982845,5.0,43.143
0.19781417163616316,25.45162997120183,0.5738087552063327,5.0,44.05
0.18373392974045313,8.112907345638781,0.6176368900816697,5.0,46.78
0.1685551885719606,13.10387181309482,0.9407186158964077,5.0,51.985
0.16677676447785328,10.629619881356778,0.6289088183016119,5.0,46.987
0.22559380661406916,33.410692791674464,0.4456510374203389,5.0,41.587
0.13749492620076292,19.46014547045379,0.6990632437244155,5.0,47.199
0.2105174129588297,8.138171218111966,0.9249597586849702,3.374745055340571,50.78
0.2025465371435691,13.633948441035885,0.920600672572635,5.0,50.184
0.19499009769465245,26.736370920081526,0.6962197410418275,3.0626092558283067,45.664
0.24698287317974418,33.576105950203406,0.36862483957942366,5.0,39.982
0.11808463523110366,21.210848012961257,0.6676933826177169,4.349758741831009,48.058
0.22942625156337515,25.781710656830914,0.4670002697004562,5.0,43.064
0.22445327335238394,9.18737889783311,0.5695492549799656,5.0,45.65
0.2157065088242536,18.216918793455907,0.6262586634204862,5.0,44.887
0.1392630006677117,12.926688438392583,0.8298322946653393,5.0,49.836
0.27026411077989165,24.093698332013478,0.40244519149023616,5.0,40.49
0.1367296048113031,10.303620222593599,0.6859961625424109,5.0,48.232
0.14418501053463673,23.59043043990531,0.6840132084089162,5.0,45.765
0.1273243592663929,24.213854093859297,0.9423566795614441,5.0,50.517
0.19724811645992354,12.875947775541949,0.5586167536784875,2.3939904296413497,45.212
0.18573545165233726,9.632175723288992,0.7440069974803195,5.0,48.162
0.12114081845964633,15.638803625502598,1.0,5.0,51.861
0.19519268623618788,14.00818202532952,0.8383672456625457,5.0,48.679
0.15512015786969396,17.852741333048257,0.911480601319817,3.159312372648693,50.973
0.16440424649723098,10.432883444099208,0.7997240068524653,3.6067122372219935,48.364
0.19824986727015106,19.624165718093888,0.6335738901608229,5.0,44.34
0.23621586730250865,11.670845882342615,0.6960580027274846,3.131524792838025,47.323
0.23313991459515965,23.782782867465762,0.6021821598535966,1.8252138158412852,43.795
0.13869014097293456,7.651555694502807,0.6256206771887972,3.111131923927907,47.783
0.1662425379745877,14.235642057957627,0.7252222372063882,5.0,48.202
0.13482466458687997,24.932146304533152,0.7197157774597415,5.0,46.967
0.16463828112279275,13.16221363074564,0.44565104519933885,5.0,44.694
0.2718529706143838,21.499524977944994,0.41914539376566656,5.0,42.162
0.20738392029051075,9.871704254016471,0.5080751413562008,5.0,44.428
0.21296731989334747,12.362386759604927,0.6455990118520186,5.0,45.953
0.17889851137782875,15.771789347712385,0.5382775450933223,4.00001164317675,44.832
0.22495785023178042,22.180592571326024,0.41970366967452954,5.0,42.474
0.11159651805860052,11.275990746463714,0.7329816471420362,5.0,49.614
0.14787884254800115,12.684988100214373,0.8377232192083496,5.0,50.177
0.10367177591368602,24.47415481785705,0.6198144647908268,2.508575969519103,45.633
0.13654385258922686,9.451525229184728,0.7689427815028623,3.536831348597783,49.999
0.17274088431666101,9.40579152645066,0.7058287526014534,5.0,48.045
0.1638974471901667,10.519316268661914,0.6837515131549131,5.0,48.014
0.18498940330035468,11.72088390933241,0.8972199521554584,2.88168503648438,50.091
0.18239210865262176,11.740181398474089,0.7581802872431485,5.0,47.391
0.14717082175136828,5.920199953674493,0.8332628870754045,4.99162518522859,49.752
0.128590670171423,15.606958916049013,0.8040242754363711,5.0,49.245
0.14931897949042439,21.652390711756137,0.5470204139394419,5.0,45.313
0.15523966321887606,23.218783020075055,0.863071130277517,3.44451591676922,49.464
0.16948738284131543,0.0,0.8667483290042692,5.0,52.19
0.15670498918634168,24.729201050017316,0.7671545576046269,4.302264800655467,47.483
0.14153796422366413,24.63818825483834,0.6081032432975334,5.0,45.405
0.19005226992872665,19.232430301509197,0.643330151348487,4.168195005697672,45.707
0.150767057438619,5.461768103263012,0.7582374211251143,5.0,48.772
0.1821642301873585,27.465161209202947,0.7714908512334209,2.1929534993444233,45.644
0.20255159751086926,17.67893789602204,0.5145812347124132,5.0,44.274
0.17058502967986972,10.595411001797622,0.5556149951094481,4.417338047157963,45.906
0.20116290745267157,16.865804173593098,0.70312162629516,1.271161312653093,46.003
0.24752720751822607,8.606931127416498,0.7309216199483062,5.0,47.565
0.1674246478049635,8.472005951591676,0.8522320659141394,4.5350676254472475,50.899
0.2723235582901002,36.57818855244783,0.4458491943764886,5.0,38.834
0.1365079868006543,17.182596022179524,0.5777929395438,1.6515300738807592,45.626
0.14620893883123448,12.991373445968483,0.7483460164485315,2.1706579267280346,48.619
0.1988992969998519,22.569627435290272,0.6423301501047126,3.2258795437650734,44.171
0.19691996864497474,46.05318280084722,0.38371869180020524,5.0,37.312
0.1731976938758474,14.234605671379754,0.5201101151254314,5.0,45.79
0.16390291538277052,9.16589219216863,0.7252321956105241,1.979169806824263,47.737
0.21940934811870272,26.705149105946788,0.6162027799859746,5.0,44.903
0.17297748633376941,20.985008982915353,0.6874783404760989,3.0746851700011844,46.238
0.14633057401867383,20.0681519912127,0.6880810259496671,3.6011180457365297,47.643
0.146954912188165,15.261364360797279,0.7865445817731948,5.0,49.356
0.1642255588058666,8.765119424509479,0.7809471641742591,5.0,48.643
0.24207006701484782,24.26164852828263,0.4173871780005963,3.4372336771865704,41.678
0.15643358161985058,16.302804087103887,0.7591680388670717,5.0,48.217
0.2543023073992408,21.86062888992516,0.363537361314838,5.0,40.79
0.1911322165841659,4.733927759269349,0.5594757886219974,5.0,46.336
0.2128024353159814,18.539806641422153,0.6412784454652546,5.0,45.381
0.16578612025959755,13.19452604803012,0.5440457606281374,3.7493709710919636,45.975
0.21038963008100978,29.186013855996897,0.5552407551484807,5.0,42.006
0.18638617584785327,17.919383067555003,0.6190732455155195,4.260311239784926,45.467
0.1635532704700624,14.994515880164148,0.7060620761151724,5.0,48.256
0.1236122619518779,15.896599417136029,0.6797875837227106,5.0,48.704
0.12559110480964447,29.80142788479108,0.6263792404921531,2.117271125632242,45.082
0.2839401266466879,40.057479573307546,0.37966570157162927,5.0,37.799
0.1593911846319914,6.576048251085241,0.9272445396547218,3.750787807088534,51.661
0.1930411500436408,13.680190295087996,0.6604131946925347,5.0,47.346
0.13345634190671427,14.409637993717249,0.664675280748766,3.6055967211960698,47.92
0.22687630527272767,13.900669800996685,0.6248111499926627,5.0,45.595
0.12947944434622913,13.37319978454392,0.6156970923597247,5.0,47.348
0.12938474415451892,9.834178618833343,0.8186721849218668,5.0,50.374
0.2103626320187511,25.006639557467526,0.5324150212520086,5.0,43.334
0.14599968687005793,15.90415762168876,0.8111475635853321,5.0,48.353
0.14939565127232893,26.30023255860633,0.5266299177328733,3.5187309694917968,45.067
0.19919391883844442,17.55200944923414,0.7823547109317003,5.0,47.909
0.21569619993023303,29.929482387061764,0.4690769761894349,2.4646405459620415,41.475
0.2007140043275797,27.51919299286613,0.48219999106003486,5.0,42.231
0.1330805941667314,7.747424705498153,0.5208487579869211,2.8380722818463315,45.765
0.18900558507389395,9.638601867872303,0.5756002562027548,5.0,45.35
0.1446692110652015,14.897163102580869,0.7618268976640497,5.0,48.726
0.1523188920567862,28.432618666978986,0.7205909479756798,5.0,46.689
0.1660546599295866,24.090812327612113,0.6740322288227775,5.0,46.187
0.2429066930515333,31.091389175189082,0.2687071629112782,5.0,39.722
0.20891080071122137,13.73703211087236,0.6963906271694585,5.0,47.063
0.15249413948116364,25.04985606168166,0.6299566120112758,5.0,45.566
0.13246438248691686,16.19445887678242,0.7003202822919323,5.0,47.367
0.16388633353868667,16.84462538780123,0.8724639601366162,5.0,49.729
0.1,18.689251651917075,0.746539351125835,5.0,48.89
0.22038307959191078,18.759208746103305,0.7308142654580161,5.0,46.474
0.17072534789109936,15.791411038396658,0.8310620194674023,5.0,49.457
0.19294148778425654,30.278542192728743,0.7629618441604596,2.416153366326037,45.193
0.1272123627369438,13.31026128524746,0.8697657050807516,5.0,49.984
0.15229987805355769,27.731701659201406,0.5838078968935925,4.626003742836029,44.977
0.11380758522974918,14.604781413695688,0.8069325541881818,5.0,49.391
0.16960848105196374,11.779087405995808,0.6466878359318349,4.094128758794413,47.276
0.25075593199651236,28.846300420679455,0.5518509850286346,5.0,42.578
0.11097703333117624,8.979187077498862,0.9099362859951219,5.0,52.443
0.1,14.275405540036893,0.7804026120025701,5.0,49.021
0.1394837264120495,30.42022886996064,0.6244307051949386,5.0,44.816
0.11665365273501588,12.697369466887775,0.5904393643998235,5.0,46.092
0.1158359986552936,21.024089171395573,0.6809619322610881,4.228698394859373,47.091
0.18756886353669616,16.887577053025666,0.6673581048900842,5.0,46.117
0.26585902766115016,33.628471968507114,0.26755244980380377,5.0,38.185
0.14566233352232774,3.331765849460627,0.5312005320302065,5.0,46.338
0.14914547342441423,1.894703412536817,0.838088516997739,5.0,50.464
0.1337846724315791,0.0,0.7329164758745601,4.264295939356655,49.223
0.20316612460173267,20.800596789985228,0.5796250453699544,5.0,44.566
0.1445237814862453,3.772661262012523,0.9124168267483695,5.0,51.956
0.16382229956979666,16.778993006340066,0.7121594119133021,3.2281258333301373,47.149
0.18650885827519753,17.02287677790315,0.7000813228776395,5.0,46.263
0.14806377952835154,24.72949596721407,0.628264224700469,5.0,45.628
0.11965526016698957,17.55713399520471,0.8232253811299546,5.0,49.089
0.20989280514517944,35.833357242220856,0.48797346423177385,2.0171571514084454,39.749
0.19212575398158468,24.421542512072826,0.6385342161558774,2.4925084034988862,45.077
0.14587949249720925,7.21618607656241,0.7928402173383216,1.7530174331559627,49.246
0.27666432208934477,32.284485445593916,0.4197342349939276,5.0,40.4
0.2321818425830606,16.158831093117776,0.6078752630015605,5.0,44.746
0.18851776502847373,0.0,0.7824144270737983,4.600677698178735,50.164
0.13089072397196366,20.89890849918351,0.6925358564936661,5.0,47.399
0.1256165075061881,7.1859568396818485,0.6565209847783988,4.24524002669317,49.073
0.2115096995871254,18.336778252296376,0.6522178495913761,5.0,45.72
0.14859044588809797,22.204155209694783,0.5762076759106767,5.0,44.796
0.2588721781169648,13.393972382719365,0.6785144210686977,3.344971054862066,46.048
0.21311130883449544,26.556887741004296,0.7012517478371744,3.799462989736965,44.123
0.1472612790547,3.3632065981579196,0.7517133565490717,4.928839133340597,49.717
0.18656594531534587,9.776708990820216,0.6168722096859671,5.0,47.615
0.20863617398085796,16.70215973596828,0.6016139585525868,2.0446191270184166,44.144
0.15275239300657378,10.407022926625709,0.8798699360522155,5.0,51.613
0.1,9.211361508314637,0.9067775392797878,0.12622569986625987,46.983
0.12940607114581743,26.21713746720814,0.8232418147203971,5.0,48.518
0.19472154507741388,11.390962108576964,0.5590933236519978,5.0,45.391
0.10271461045956924,15.124085887996484,0.5627203295124007,0.6111396373822018,44.164
0.20879887761040827,29.83407784154756,0.3654391704296478,5.0,41.359
0.13464363952140618,20.8133719309442,0.7961645645618518,4.212198569168986,48.535
0.1,14.11891771052988,0.6828736339021544,3.4539019038180134,48.079
0.20091754072213094,23.81598762618932,0.7214734165859861,5.0,46.547
0.1669200447791114,26.19046628296775,0.6166277768020345,5.0,45.322
0.1494544193933574,14.285766397546524,0.48678768354435553,5.0,45.115
0.15221316095600018,15.436704574176892,0.7099155949987463,2.8317050488258135,47.709
0.17111878674318562,17.006574725974918,0.46744658008657924,1.3310205273943425,44.229
0.22293271346704366,15.948093306664923,0.6254876015538794,5.0,44.68
0.1496050072591007,14.506493131901971,0.7038160463351625,5.0,48.053
0.18204304164466778,29.31362435272111,0.5647894287837742,5.0,43.048
0.21387654058785252,23.849899582186485,0.6398544760468434,2.022230550989504,44.635
0.17481988633394893,16.893744606772895,0.585346041016581,5.0,45.498
0.17973590479290416,18.880057974010146,0.7274002898867751,5.0,47.206
0.18827615716525203,2.838945799863035,0.7381935236540038,4.014874206922151,48.418
0.15486718995253354,10.663285512049972,0.5005837515658319,5.0,45.341
0.17005488052852583,11.257383646267067,0.7024119365900239,4.321517321431321,47.902
0.1938646725720606,21.504811821582788,0.6516005098710467,5.0,45.008
0.18164814292405942,20.904408865229136,0.6063536312087952,2.610895849236191,45.191
0.2171505999897479,20.199330036284756,0.6619243223111696,5.0,45.561
0.1,9.521573381119468,0.8486564332733807,4.27879423174544,51.696
0.20315426915508386,25.638917227928967,0.6967984763131643,0.9793828107228134,44.462
0.1783047546744591,11.858632052019225,0.8143270115971545,3.928512498439693,49.606
0.2065068155186196,17.268999953693992,0.5443642215155685,5.0,44.284
0.19990459642125397,27.003678485700522,0.44111985482969485,5.0,42.387
0.1658534402063134,10.25809070194477,0.6629568905506041,4.127763590077159,47.154
0.1741264741434351,16.550616147221707,0.5687178084527409,3.8967282907935337,44.862
0.20806111511927564,10.79707502960467,0.9942213289388074,5.0,51.268
0.19786766697508631,14.093414347692708,0.8176411713212154,2.2985320773105373,48.336
0.222016322034092,22.667986681522994,0.4735437225034624,1.6546102850512432,42.389
0.1676091966839288,23.362586631496086,0.6793038769911378,1.8723450318165926,45.223
0.1369413326783691,27.99783177194514,0.5597088562834687,5.0,44.428
0.1271553442983065,9.57711448656128,0.8400317144926622,4.541800282744882,50.705
0.11919082505054308,4.822864724707134,0.8531267053267994,5.0,51.491
0.17680290991653771,22.435059025631624,0.6589767153639674,4.339345721866877,44.414
0.130445445967178,19.823265377275494,0.602729991701782,5.0,46.452
0.20607118913326453,21.07873553499826,0.5546639916700054,5.0,43.662
0.2207734542253552,19.29913254608921,0.4720848556861148,5.0,42.266
0.14927899393327784,26.962229174283575,0.5889332075834773,3.254904562923125,43.78
0.1296421706551366,25.418643633844443,0.7336266649718424,5.0,46.547
0.1804380583851894,26.702485449742756,0.5960434764278703,5.0,44.208
0.27643431133535756,23.147609890998847,0.27474952512760914,5.0,40.218
0.1245093839216892,11.030475234559201,0.6003395428626965,5.0,47.375
0.17969180903088722,19.152665808955653,0.8146435232478164,5.0,48.126
0.11384389363105031,6.098113990459076,0.8366410486444854,5.0,52.176
0.1450801869739874,7.2666234629240325,0.9448269982266768,0.8985783198554474,51.039
0.23901623961833118,7.330080452571213,0.402522575759566,5.0,43.294
0.1563277268308526,17.44905851783391,0.6264912726663521,5.0,46.192
0.13167238613014823,30.60855790911697,0.6371522536157392,5.0,44.901
0.14951477563770937,10.962959603839545,0.8829478838099121,5.0,51.649
0.1807262105250583,17.79021012506767,0.6155578695199544,5.0,46.636
0.21294115869123154,33.83969107491504,0.5213693159942754,5.0,41.573
0.16916790822160843,14.168012909584018,0.6648064756230573,5.0,47.17
0.1939519431351719,28.056049334671105,0.5642053156906737,2.817697463539709,42.582
0.1450521006651415,26.333130218050414,0.5928181086763304,4.188992749621067,44.748
0.2573305098953824,22.123190559161905,0.4788898414627172,5.0,42.657
0.13465857985245572,16.72967563162812,0.8804050158776864,2.331007724555072,49.716
0.23605724089219654,18.812590929494007,0.7838352252759813,1.1010920529327939,45.895
0.13808307436601155,12.229620436410114,0.7562740642570658,5.0,49.358
0.1740206011180307,28.027986421224007,0.795790916081668,5.0,46.079
0.19205924589870324,18.22588054483937,0.632930777853539,5.0,45.543
0.25010454692070705,29.115390110757897,0.27492091379980865,5.0,39.054
0.19463800234456,15.475972523877207,0.8412871547143951,5.0,47.982
0.11759639396507457,17.16866076048196,0.7587699233102244,0.5703458694455023,46.131
0.13751633951028436,17.334210315333788,0.720454883803344,5.0,48.176
0.13501389503052677,31.057606717691513,0.5722565721143871,5.0,43.489
0.16669117647775752,33.976990869604066,0.6912176892670018,3.3535223432535406,45.22
0.1698622679715968,23.899406098855994,0.6298401931921559,3.109813978698255,45.731
0.12370995874119087,17.362508764893423,0.7121701622799237,5.0,47.906
0.13176764929545082,19.237162873839477,0.3863706285844327,5.0,44.311
0.172681446772116,12.393243188175088,0.819509342812198,5.0,48.484
0.1970139284937446,29.145553544229863,0.4217257824868831,2.5103218917575907,41.164
0.19495724682691318,22.29505873290266,0.7983929548685428,3.2054145332459996,47.344
0.16522862007931938,25.83154759040756,0.7446535566383157,5.0,46.024
0.12465325446641859,24.290022390494563,0.6593054689301252,4.498604247753583,46.621
0.15603282267130172,14.669038322761102,0.6665398874543094,0.727170611525721,44.955
0.23159832620155624,30.802346801042393,0.42127830253128484,5.0,40.85
0.19472847462797832,22.566357785705325,0.8274890354850157,5.0,48.267
0.2038243568161263,14.444155160754649,0.7612482816049535,5.0,47.907
0.2788653949039871,29.207430487388372,0.39763121440176696,5.0,40.676
0.2023406662498754,23.588946345717616,0.49195646278163274,5.0,42.93
0.1685862149192373,24.94296904787305,0.385024187515491,5.0,42.484
0.23561651517571056,34.521521226129806,0.37427723639167765,5.0,39.135
0.1,8.467811448944234,0.8895123472324109,3.283029533757697,51.559
0.1195551313419407,20.46271997149844,0.5930213238073255,5.0,45.646
0.1905418941267758,26.310172407441392,0.6541879323411673,0.7868967725323561,43.386
0.21881506412207274,26.333392545527538,0.7991987376015544,4.368876759722667,46.422
0.17770644646043005,9.294354381236582,0.8806051483913049,5.0,49.834
0.172677954439119,17.087364772928403,0.8842075780288136,5.0,50.549
0.15952399277379903,5.199188314784616,0.6054655188326256,5.0,47.896
0.18586897740906783,15.430891675131644,0.5072228198256905,4.234342704410281,44.874
0.16746676718623582,20.14320207655527,0.7370105639776401,4.858284665303641,48.12
0.11867768869974187,0.0,0.9003912183130464,4.310820605845964,52.232
0.18537716731970083,20.338009185981573,0.8778378275066261,5.0,48.187
0.11718642672471158,9.829599746793697,0.9361875348174773,5.0,51.167
0.14862177344238403,29.122227920142453,0.787423861686697,0.8124926754801393,45.805
0.23389633797194756,28.44273551014201,0.5619712839586559,1.9643328255418897,41.722
0.16150895630828274,18.884068753018614,0.7678433055054633,5.0,48.516
0.22742673133082658,17.53796839405757,0.6897437429646969,5.0,46.4
0.13901287699347253,20.740046002844853,0.5351619069196932,5.0,45.177
0.14207834096786182,11.84220393260188,0.6138609841283688,5.0,46.705
0.17043575687584817,23.123078793560264,0.8781745413551392,3.286504001055903,48.794
0.1420893492033668,9.318479993321155,0.7038908579490193,5.0,48.401
0.13542600327754323,12.173311958566089,0.8675440566014322,0.0,41.642
0.11500768888837187,1.4310903311586385,0.8320791203073555,4.595897488987398,51.767
0.2206919924870415,17.318876127751764,0.4877154634222536,5.0,43.467
0.1570477386493935,5.657762027848608,0.852381508540108,5.0,50.659
0.23461243809325308,18.559708504022737,0.5751143161064459,5.0,44.806
0.21444225666075922,17.119850073428047,0.6086534388667553,5.0,44.907
0.22157332802637933,30.784894854253928,0.7267006018951303,1.2283861548234882,43.479
0.11738476097465227,10.837551565688853,0.7657975284116953,5.0,49.694
0.2084398889341473,21.524069434666824,0.6738454271384546,5.0,45.745
0.15512865537038598,27.231670963412494,0.6905536902443786,3.7509110809973314,45.492
0.21309520818125566,5.173862512355935,0.7273994783943565,5.0,48.112
0.18308330561864752,15.339773793347069,0.7727100304279697,5.0,47.797
0.2206080520890301,29.496197142747103,0.39317724527713316,5.0,40.817
0.1610163997998663,6.6384183438727895,0.8488004322532557,5.0,50.87
0.18720205532074757,20.78096275369125,0.6365841744288362,3.6043534555291377,45.14
0.1471770419668699,17.293106385370066,0.7880288475557276,2.301243941954268,48.397
0.15773791498311157,28.293640690668784,0.7900748062128401,5.0,46.57
0.20436726477325834,23.981270739567613,0.8264981414808887,1.7779325814860205,48.037
0.19398031636707797,37.554847332541726,0.639356156908355,1.311931708746106,41.445
0.179097536124487,15.456760176416095,0.7162196460306657,4.445114107321462,47.955
0.162878598922343,5.337244671253002,0.7635187904210315,5.0,50.146
0.16770150816948498,3.5059567532565517,0.6702200735463753,5.0,48.052
0.13283031052255148,16.48334763964633,0.9040322090010635,3.08583162707309,50.208
0.19961958990161024,13.887416546441267,0.8793115975211039,5.0,48.523
0.21153556427146264,20.120974969853894,0.6117237451215468,5.0,45.164
0.11471654295804799,15.754561559628344,0.6629666007554925,3.764050637126224,47.957
0.15663134470807344,18.779068471036794,0.763165666057533,4.1403407950385605,47.645
0.13210038544433017,20.319035525652495,0.6270480133742085,5.0,46.455
0.2045068558620356,15.026064637171615,0.7047583023627331,5.0,46.903
0.11600432638358277,14.902379917602019,0.8785757612069771,0.08337430753085462,44.313
0.1225710506131316,16.818420212649805,0.9020785569456059,4.1933247067910475,51.336
0.17786308859033678,18.38238023390632,0.8596185344138254,5.0,48.806
0.18768928115298494,7.580987963599867,0.9152382933518644,3.678182019396117,50.454
0.12340792759447511,17.612158354219744,0.831855163226947,5.0,50.362
0.24806383670685625,27.51459948185379,0.5670226993434936,5.0,43.078
0.14637742558894584,27.39826695557769,0.44957658290666197,5.0,43.708
0.26569557848648423,36.09734872545023,0.3289993237809018,5.0,38.873
0.1747573210960185,8.046399901991201,0.7541683367866786,5.0,47.992
0.2246063796883324,13.580456732625573,0.6747520416259754,5.0,46.673
0.1441578150872148,15.141507978007024,0.8110279050448794,2.843102937549166,49.442
0.1428332246001385,6.679800314685462,0.9129555436913678,5.0,52.001
0.2001160195772057,14.275944588849699,0.7285482454926913,5.0,46.899
0.28547286864298466,34.251127122255625,0.6261283926743915,5.0,41.518
0.1596288713719458,20.383593103263344,0.5888575386421779,3.200395247322409,45.536
0.20737444033908975,15.358592740125234,0.6813273282943149,2.790295881348756,46.067
0.17697761052572275,18.936382554412383,0.5948216312171754,5.0,44.782
0.15992952540970726,13.136923431795994,0.8023731062878978,4.020395298286054,49.575
0.115224292055286,7.238465162875427,0.7329502674126379,2.416047623706337,49.595
0.21158759731851878,20.667216719293865,0.8109781759671404,5.0,47.039
0.24390668135822147,16.368003835734058,0.4247664648748872,5.0,42.573
0.16226742506234265,28.377907501885545,0.6929091552717651,5.0,45.355
0.17916815449992346,9.719499506914877,0.7168134027490729,5.0,47.471
0.14110145822406645,14.213482771479141,0.7681375385219084,3.3715437220409417,48.479
0.12708896969456399,26.490477143221014,0.6281057538143598,5.0,45.981
0.17168922667778586,6.059271967666618,0.8947707968414593,0.6461090518454665,49.204
0.2220943653725363,21.621761291423873,0.4530733531605544,5.0,43.193
0.19304088945341233,16.31266302414264,0.6566076009017352,5.0,45.985
0.10441454142924295,13.024585977736724,1.0,5.0,53.053
0.2046894211824156,27.791794543311184,0.47619093834200077,5.0,42.37
0.14376909289672107,22.626782361460503,0.6358511318500963,5.0,46.618
0.13726946400519713,13.684491694399664,0.757738951570105,5.0,48.919
0.1,15.798498296910191,0.7797911581982404,5.0,49.412
0.19453729809004652,20.92768543423248,0.8257829671954138,5.0,48.129
0.19165694414152565,7.48275057175533,0.7752114919173079,5.0,48.609
0.184654409206581,20.45954701234951,0.7241786902323238,5.0,47.117
0.1355223425856901,13.342820851274393,0.8246871004583576,1.0511042103606654,48.884
0.1721089978210737,23.54807792296502,0.666909288675864,3.7824501089436846,45.961
0.20626506660395555,10.981569748015541,0.6991096035082052,4.805869664029098,47.918
0.10085804094003714,10.835911474452116,0.9262768061921065,1.3131361656013911,51.974
0.14870783155601217,8.050548806188935,0.8610982207796062,5.0,50.676
0.17684006457193652,13.331657420506026,0.8270935207011341,5.0,49.196
0.2671372563355033,17.949026764641207,0.7740913541489827,5.0,45.956
0.23457977147265188,37.89321657321736,0.3738926904603483,5.0,39.566
0.18231230518444388,13.526935979693514,0.6417043987330926,5.0,46.62
0.17069653737739765,15.599097826987121,0.7315084559104196,5.0,47.385
0.13378710198520247,9.683653240535646,0.8063441957339254,1.8588380486815024,49.374
0.1608016536820716,30.2519820284818,0.5648387671333281,3.190843495636511,43.622
0.24920325166782278,17.79638722978834,0.6279322787820314,1.9072060987363582,43.716
0.18120560053213147,12.559657196295685,0.72540486096591,5.0,47.644
0.1,7.376366401739146,0.6582006542168566,4.555770401660533,48.957
0.10391556440599874,10.845206134111015,0.823158455390536,5.0,50.738
0.2305101521275979,17.46347328372567,0.5042523068525642,5.0,41.998
0.18660239653682129,23.983639247283197,0.5480301958047966,5.0,43.569
0.1731144819283129,14.594993618107827,0.6422398393973037,5.0,46.689
0.2015630859905872,19.523957285533832,0.5238770344273701,0.5179594092291082,41.512
0.277430141726653,32.70143080110582,0.23039358447450348,5.0,38.348
0.15615688898343325,19.1766459246254,0.6807192780158413,2.8458574183525456,47.06
0.14925265672812232,16.78267476662988,0.7939271914962275,3.886285252526185,48.32
0.14166329949774994,21.454185883022156,0.7729118050946274,4.747937580142648,48.226
0.17448170399199497,23.897366791744375,0.6855386986118372,5.0,46.184
0.1668098606148466,24.162295595156053,0.39782959739710116,5.0,42.654
0.13684438123613052,28.109708024473164,0.6519198966523276,5.0,45.425
0.1765090504692968,11.26624828718328,0.3862034750448194,5.0,44.165
0.18816072805873668,14.725421833329083,0.8617953436347033,5.0,49.197
0.1896455486950976,11.71852938791113,0.620629517934563,3.911096352126059,46.27
0.2575572996727444,34.78672453653043,0.3626859635989151,5.0,39.197
0.11699547274243322,20.888976220950298,0.8828840578272859,5.0,50.256
0.24473217404514838,21.709824603293846,0.6172081532713223,2.8185074773548697,44.141
0.2566916602079249,41.49445547527496,0.329067921403754,5.0,38.312
0.1546844218927646,21.282929913509037,0.7096313257953809,5.0,46.751
0.20444388964788163,31.732541449164167,0.5931251164577921,4.80928683358822,42.746
0.16668205288239418,11.011683556511766,0.6951666969266596,5.0,47.412
0.18352344494507125,29.728678284473354,0.7469772275570392,3.2797170302317205,45.682
0.21417835687358855,21.94088262717249,0.5966310663695032,5.0,44.752
0.17038685367502573,8.778265618372327,0.6863885634709155,5.0,47.271
0.1593153541271186,21.37737003658608,0.7729198741780121,5.0,47.191
0.24170321734687325,39.28000640009873,0.6244665494643438,3.0556455283296415,41.836
0.16389019495744378,12.218854966417371,0.6194987895784582,2.702130516748631,46.818
0.17474122316030874,16.730603943215495,0.42310002897028587,5.0,43.67
0.2443576160809496,37.85379225935722,0.4391194638442757,5.0,38.742
0.17500369292275839,17.93169298886307,0.8226809127980166,2.6521508698319405,48.689
0.18416486481835997,14.3270061496676,0.466900775241031,5.0,44.113
0.19464893824835408,14.814169667626546,0.524251531636999,5.0,44.955
0.18572125501023343,0.45421386467022273,0.7491448698989708,5.0,49.84
0.2592860935619146,33.00741226918712,0.6058515361515437,5.0,41.901
0.1,10.449521893106146,0.8658960918271877,3.5832102302447826,50.713
0.1644933034680534,29.868852529370773,0.5086502811717225,0.9817904862740341,41.308
0.1684490710528448,28.20029136548679,0.8005934722978499,5.0,47.054
0.27058461455679567,35.86535524349441,0.4464159047643751,5.0,39.83
0.16972297242184353,13.984351837745002,0.675035424551534,5.0,47.838
0.18003262580182705,11.589785852877238,0.6279181755534518,3.643831678618894,45.546
0.19648634747177343,20.302079843063385,0.6514260067524289,5.0,45.534
0.14400704385530294,18.49718950260531,0.7556436271118708,5.0,47.664
0.16649399519827743,16.87770254447291,0.716130132212533,5.0,47.99
0.2146459254788492,17.16810328764015,0.8203373741162308,5.0,48.007
0.22134357051986328,15.059884234271715,0.6374583554440245,5.0,45.574
0.21310934306295068,26.665627336459018,0.27582368145046693,5.0,40.303
0.2141368618500677,20.57081175486215,0.6786883087720345,5.0,46.316
0.13403638523255,19.590680449314675,0.5761125926584483,3.334333570902328,45.412
0.2516714715464377,38.05971294883093,0.7384625008457184,0.9231069472894952,41.107
0.21058484924289594,5.795935804058395,0.9104951148577373,0.29840704312985755,46.609
0.18182052106685787,26.464168204765194,0.7620912150612541,5.0,46.235
0.13076260605801948,15.043565849543107,0.6786055880189231,4.4520735062223284,48.201
0.17234112276864522,7.300061636195488,0.7407075545179712,0.0,39.655
0.13145786101685106,0.0,0.797355717901117,4.158258979300387,51.187
0.18504914778245038,13.673473794019342,0.4772873430169988,5.0,46.089
0.11541599342639472,3.488803967445163,0.7976407647452817,0.3756749450995245,47.693
0.21298453452022909,18.93963715197799,0.6257325730446948,5.0,45.524
0.13386662477272912,20.462229990191922,0.7844059903233904,5.0,49.206
0.22997323556477833,9.781368725834323,0.7978552712231349,3.6953036525868885,48.054
0.19309981671636633,32.908014071339295,0.59264647478029,5.0,43.156
0.17682519397012508,11.922536864398316,0.6571105705431769,3.6147195206472196,47.18
0.1930921697188958,16.1130381040981,0.6032184876187093,2.6936421771869767,45.259
0.15134955712094916,0.35466416777233967,0.857727160882131,4.091551218376447,51.526
0.17897542345150017,26.57107496714528,0.4933588939600637,5.0,43.282
0.21435588888714613,21.105904662977064,0.756557740068099,5.0,46.067
0.21387300990140887,17.753920071216356,0.8378004498155494,2.2508342986053944,47.938
0.12617843437538295,9.241262596918908,0.9013188458159492,3.6673366626619077,51.424
0.1311741305653466,10.09131341688824,0.7463658106916062,5.0,48.156
0.2798932831704018,37.27757773697218,0.13988681039723125,5.0,36.112
0.13640399801348357,19.365091996773486,0.7391401282443992,4.378573926924188,47.727
0.16654705086452995,21.30538018404878,0.722759909469536,5.0,46.728
0.18041467586563784,28.98446141545477,0.4725295875659013,5.0,40.849
0.20543553612618512,25.799733323352605,0.8680514416106635,5.0,47.858
0.20174699186844713,19.85682027701224,0.6454562234241169,5.0,44.687
0.1,0.41328984103046906,0.8520308926297013,5.0,52.546
0.2432343882830108,27.529971391467463,0.28439414657102413,5.0,40.707
0.12359918717237979,21.068671902394144,0.6736673180350329,4.677134912491401,46.41
0.21962754036682722,21.089616292309955,0.29918119558476736,5.0,41.126
0.1,13.961243614329238,0.7983778153647881,1.2215479014067085,49.398
0.1007171672228672,14.988475242215733,0.8656576745957766,0.0,41.318
0.1880377258618812,26.65448696270782,0.73079197858538,5.0,45.413
0.1406354553782198,28.0203495618975,0.6563828584546251,3.6077980191542194,44.898
0.14452258713003469,16.40060415468161,0.9675324586219092,5.0,50.784
0.127745643991309,20.555102562503002,0.7270029324246521,5.0,47.208
0.19835271593530354,28.615046234795287,0.6316878123822048,5.0,43.81
0.11412774383229463,17.68173130986976,0.8483366787769475,4.596793234544704,49.784
0.17299707827851749,34.69222178339332,0.5493838953985357,1.4529168971059538,42.302
0.15005191478727675,16.75744136289319,0.6855937275508693,5.0,47.746
0.2066971263385883,24.14923085786933,0.6051460454992538,5.0,44.019
0.14805972762382114,15.194870848184976,1.0,4.726747907901076,52.148
0.18684853956154773,11.570279841471073,0.6685642560844072,5.0,46.639
0.2011006458619686,30.677949137972426,0.2508761530202264,5.0,39.647
0.18119698809052914,13.692433899400207,0.8701120896482967,2.3451504278393296,49.635
0.20089652810123737,29.875521450613014,0.5505417286543809,5.0,42.838
0.12739691416146676,17.97089181272023,0.6716840343894829,5.0,47.285
0.1682809683520529,19.18753777773301,0.7327708905244397,3.920155983080056,47.183
0.18435953091446117,13.262353755509132,0.6809472680295138,5.0,46.987
0.20300504565070548,22.276902257432354,0.9500332062286494,5.0,49.798
0.20415895441856755,10.653061386019939,0.835928453431789,5.0,49.372
0.17100918696635614,25.437532037914103,0.5287937758682166,5.0,44.672
0.13897716660776235,16.81109529363537,0.6377432931250002,5.0,46.751
0.1537645553112346,3.1296166670209864,0.6697765299672439,3.8572437436246414,48.964
0.11109370739548466,16.349912098565632,0.7751050887737568,5.0,49.889
0.1881347838321027,16.973176763481767,0.7048340427966401,5.0,46.151
0.18474260718509503,14.758409385496794,0.8294468396398733,5.0,48.482
0.14035166942879168,5.831416085212041,0.8078076093772353,3.6312590264842854,49.534
0.21575640762852819,27.346085734052,0.7800411635471844,2.201245039459417,45.898
0.18662288459944237,24.373750324061177,0.6585949163622556,5.0,45.629
0.10217551610978536,7.984190792607134,0.8317794777086019,1.1960968911672072,50.499
0.19588566145410763,16.232646145803734,0.5531475738890314,5.0,45.383
0.24732531312531422,43.49065281626913,0.3876442536167162,5.0,38.259
0.1842969415310008,19.519510034450544,0.8294407183871603,5.0,48.583
0.21835324999304026,11.498086794352062,0.6806707835196656,5.0,46.459
0.14616466604240969,11.53081557327542,0.6833309699428723,5.0,47.807
0.24902629723052122,28.423079860748658,0.47025015706265555,5.0,41.238
0.16274307787337244,13.239909562141573,0.7766485061367205,5.0,48.888
0.1666776762114943,1.1756882624542655,0.7323204296496687,3.663390527567198,48.833
0.22016064681585784,12.985839386084255,0.5833039598581705,5.0,45.8
0.22121714407803472,29.293486145339603,0.5162015467823575,2.9878571836904992,41.954
0.13580866770923117,33.38557215651312,0.7527028089527632,4.01792325649869,46.347
0.2565531706192088,11.142154644879938,0.6915137854980432,0.9304720034347165,43.954
0.11315293997353215,10.20201490311026,1.0,3.785650132236129,53.725
0.22883540931575594,28.906605548084226,0.587430747414974,5.0,43.91
0.1492124179310503,14.380289966224819,0.6925151066957047,2.5993756293336987,47.584
0.154400446669522,12.86167032014798,0.5273690118968857,5.0,45.302
0.2022462561389003,38.64191627848831,0.35761738167917173,5.0,39.739
0.1727564558992018,16.11692947928169,0.8494431272441887,4.475457558561777,49.665
0.17822341277341114,20.259320895477863,0.5835420696274055,2.70869169925558,44.304
0.20393093121895808,25.631751300940515,0.49356833921574333,0.6922664122425125,41.364
0.15817501823159785,29.228522068811472,0.7561889970453645,5.0,46.533
0.1595238207293634,11.446818404319504,0.7864097306167205,0.5436832099646993,46.614
0.21895150479980982,10.443538115493109,0.5333944842057059,5.0,45.191
0.2723217266482733,37.475024228659755,0.18106370648154946,5.0,36.695
0.15736653792061664,14.262684697960342,0.8333981610856411,5.0,50.031
0.15478510776981189,19.030908726896048,0.7512947420914926,5.0,47.584
0.22722534810295159,22.448898346988997,0.5314657142318301,5.0,43.361
0.10800534198818923,16.007657894151208,0.764787332356164,4.010510810147214,48.772
0.2738616104473853,37.226145518292654,0.30038194601029833,5.0,38.302
0.1971125204346255,17.02179021188349,0.7018460442710229,5.0,46.856
0.19350272622643885,13.654066923817197,0.8198199501380588,4.3440505253162245,48.632
0.14584457255468097,11.188064073364798,0.46136384299897604,5.0,44.838
0.22426105310488179,9.81670695160326,0.875505661444643,5.0,48.939
0.21100081898942422,15.745243393389272,0.8896520484298444,5.0,49.706
0.17768586707245565,14.242238234203727,0.7623982983215688,5.0,48.972
0.1352651135860143,3.3238661003030803,0.6572376956984485,3.2291176977535603,48.613
0.24255724962656458,19.639879768968775,0.5308407720663701,5.0,43.665
0.12205679557179504,3.3774954245631434,0.596066459071538,0.014091947599532362,39.163
0.19682618718925043,14.776097218463818,0.5628662295389295,4.108338881230309,45.048
0.1512854064837025,12.80414163898682,0.6860590765010375,5.0,48.122
0.21950821733483858,21.612332797629154,0.5354444642056723,5.0,43.9
0.12718090253065198,21.197249871062816,0.7797933187830818,5.0,48.935
0.12673093771293067,17.005404197253647,0.8191873459025055,5.0,48.898
0.13112230615715798,24.76215652084583,0.8225754939936323,2.39688790158147,47.685
0.22836633026830935,22.482708821332626,0.3035128974688668,5.0,40.836
0.19945124086141408,22.055011142825048,0.5227862574471384,5.0,43.311
0.22520624328367914,26.027328017907557,0.5300772503635818,1.0249459413169724,40.92
0.18587007441333325,16.951130244248887,0.7170411648517512,5.0,47.394
0.14831239500858592,18.53421508150274,0.938267022241941,0.04536655029945402,41.977
0.19865965425589602,23.82487862786491,0.7191448822379432,4.796028981083349,46.338
0.1398192212439493,0.0,1.0,4.898076106902646,53.624
0.188740377297598,12.354169280132892,0.7667353134076336,5.0,48.313
0.10405765694982883,0.0,0.7344052110651106,5.0,50.185
0.19636871505762302,31.426136586799036,0.3996844324278208,5.0,40.831
0.1775999682298738,18.040623104985706,0.44331872246486015,1.1082735220808246,42.264
0.22938647614171948,18.135964220033124,0.4876524920920452,5.0,42.783
0.22216667134793175,15.998486523478803,0.7179744838350126,1.7013121006862773,46.162
0.18994833827932386,20.930983335856155,0.5464200891671555,5.0,43.921
0.18665186718472784,24.15259485896645,0.7259671169942183,5.0,46.263
0.16993885443138154,17.90588295471054,0.5576942847808143,2.641349899553229,45.772
0.23765563138360785,27.235193935445256,0.46719423602837057,5.0,41.78
0.12967140263420876,6.28696535189566,0.753105342065183,4.338989127529785,49.733
0.17268717735588882,21.422716871319977,0.6592205150617612,4.461563380572478,45.991
0.17619990271379407,12.393796462917434,1.0,1.526739224904966,50.853
0.17958831226263958,24.345145268886277,0.9019776309234366,1.8551251209025386,48.441
0.13780746329886917,19.43252486742595,0.6888538036341053,2.298514068557925,46.776
0.1983043969408847,22.600099440479582,0.8127487358559569,5.0,48.18
0.18250219805994405,19.902860503090988,0.5665224690690729,3.2575398486599996,45.016
0.20671544274040704,28.74552933820832,0.7945386478275344,5.0,45.748
0.22276624619322344,30.84742227940881,0.7156264362928983,5.0,45.035
0.18651735975103229,22.867821681732167,0.5503742327299062,5.0,43.351
0.18210869197618598,14.4400352369055,0.6697011818095372,5.0,45.546
0.21296152756730383,13.594339466676908,0.6527092423703784,5.0,46.357
0.1668616992379672,3.0464561177605667,0.8063465995734429,5.0,50.327
0.14190563432062517,26.010229721055918,0.5228073362770175,5.0,44.057
0.16127960510096656,19.95472970569508,0.5879104117922549,5.0,46.178
0.20409940148545244,15.78245978531522,0.6989650192501728,5.0,46.517
0.19903295822000022,24.44111617543948,0.6934233119275496,5.0,44.706
0.15019624773408297,9.326373611465122,0.8278467079454325,0.1725301236795751,45.205
0.1463123567157481,12.506664754513855,0.6095383193450661,5.0,46.924
0.15717795607798332,9.15906246157044,0.7550354797191919,4.42094375815353,48.866
0.24451767684023784,11.19816935633315,0.6745279742194508,5.0,46.408
0.1565615600103062,11.531996854649986,0.7055498706509769,2.1550482564338047,48.26
0.21733541977030882,23.21284589357332,0.3333320402673386,5.0,41.523
0.1795947080032439,9.958879023552615,0.7477274671632841,2.93054332017857,47.416
0.21321581221889374,24.671560307511925,0.6156397663130868,1.4724582394803134,43.084
0.16502847389055236,22.640343690857005,0.5377863682528227,5.0,44.034
0.18736756236366148,23.565248885074922,0.6814823193253,5.0,46.071
0.19545609834244582,30.089961247911184,0.6994171755157125,2.742331546755681,45.4
0.150197271388351,27.06059154936459,0.8127154773321227,5.0,48.096
0.1165707697540941,19.126795987378966,0.7896290737976591,5.0,49.712
0.1770323352135987,8.987115145377379,0.6894989489773486,5.0,48.125
0.10562253951213735,19.89450318004735,0.6485576044794593,3.8948835649533455,46.762
0.1241677014750596,7.65255433645126,0.5956752454305434,5.0,47.211
0.1652732553329548,4.747356753592761,0.6797679863861754,5.0,48.281
0.15024249575084458,22.38411261346565,0.7355083575942651,4.218159858228747,46.912
0.21714558684615157,32.108846093008395,0.3965240795410757,5.0,41.435
0.14642513713738536,19.286092953957656,0.715141232581624,5.0,47.466
0.16740143253322498,8.93949810269825,0.9918706279645908,5.0,52.265
0.2000308795375514,16.048722469941232,0.8309735538963781,5.0,48.476
0.21599683160877217,15.790215465793006,0.6760420495604327,2.117651374289762,45.625
0.1738001511343392,17.72953839223648,0.7105703132386457,5.0,46.982
0.2288082013416967,22.010889599918084,0.7076713193337805,5.0,46.099
0.23299584846823135,23.75193220981935,0.4303000284798046,5.0,41.539
0.16281049435861358,9.267976629813685,0.6319693065391542,3.4622507196164722,47.216
0.17972956119709865,16.05239277160428,0.6140098960296911,5.0,46.102
0.21849925543052995,12.806493529634707,0.7228468141326685,4.239638080156216,46.921
0.2095403926681483,30.484250224722025,0.48640042706848163,5.0,41.873
0.16319841303783056,18.60156750973416,0.8192516332434939,2.9626618429949105,49.09
0.16204286677092364,21.599113691825394,0.5313876982818975,5.0,44.251
0.1643893463091169,23.819459432663496,0.5202627315569265,5.0,44.42
0.23699001325435237,21.79565733738536,0.7265545542083718,3.357589779290522,45.378
0.2009891569000214,27.883765539838627,0.5088968061439507,5.0,42.866
0.11486197345657907,0.9079567736359806,0.8125736552215668,2.648621111091233,50.672
0.16808732809379104,19.519943377737565,0.6532368581689013,5.0,46.316
0.15668344011052915,3.8566409495099343,1.0,5.0,53.161
0.1480932169061815,3.8014711969429626,0.8407543001123384,5.0,50.866
0.16515305351509404,16.210713611230233,0.8289322740515963,3.1406280849235175,49.297
0.12808475870837294,14.829565595939526,0.7045034114695609,5.0,47.33
0.12548829797384958,15.513590283812466,0.539138106615599,5.0,45.429
0.11535166887776818,11.521809137743986,0.7957179090758696,3.3250794691532,49.949
0.22430582867821636,16.771603535666113,0.28860767064219917,5.0,40.899
0.14118255002116642,16.02754085474068,0.8117673501626212,3.769789889130937,48.902
0.17071776641498126,20.35208724926914,0.5565578687798721,2.0585311883280086,44.301
0.17399014702204563,20.48430234188573,0.6361573749238633,2.9357715392617307,45.852
0.19851953464342015,11.588432007781368,0.5976227045603825,3.4237380031154205,45.533
0.22510893738540055,36.876875292085884,0.347986500701611,5.0,38.96
0.1896912235415632,28.560676361519537,0.6238262370882925,5.0,44.415
0.16832743647200255,15.010320677531018,0.8053302667735642,2.6716127950841067,48.119
0.21370190643193143,15.33887253683644,0.6301967481554066,2.9362519535905416,45.028
0.21872626270181425,20.32520485051703,0.6154372142001764,3.8058477600079295,45.447
0.1928378301663432,25.44839803701737,0.6370941139010056,5.0,44.71
0.1777450179483238,12.548665955102713,0.8257050613422892,1.7769823058871412,48.681
0.1533301802360687,28.2202191826564,0.5988115123968356,3.4283614078142715,44.338
0.13395093418454967,15.70187259984767,1.0,4.885880883869418,52.517
0.14550787736236456,11.314829731067915,0.8976968205580309,5.0,50.517
0.2093157912181655,42.269302156687075,0.4563655158079634,5.0,39.884
0.15513479020360074,13.730023893356014,0.7529832557022165,2.9338169163045524,48.048
0.10454426513709952,15.361643452406366,0.9643576736241513,5.0,52.158
0.20706240800505063,14.576226549246718,0.5044812963071975,5.0,44.263
0.1,18.814085213943315,0.694431678361573,0.8876735706511143,47.173
0.2150143181564927,24.918023709147583,0.23614776274920168,5.0,41.111
0.1253196186698589,7.655013073106816,0.8526920684624386,5.0,51.334
0.12047966433812798,13.666707841842236,0.7380174416432834,4.238361999259061,48.694
0.16621899855019812,21.048948072588953,0.7996261747286972,5.0,48.369
0.17471785248036176,3.682311283996615,0.76686925209379,5.0,49.141
0.13422553348536417,10.748298385359346,0.8766013585483229,3.602526295460269,50.409
0.15465403244403642,8.04112876833506,0.7190406387331235,2.796237187052018,48.093
0.16284484198618043,15.599005167819836,0.6552122151085894,5.0,46.459
0.11653205680606904,11.077617297636412,0.9069007863578633,4.535216032687923,51.619
0.1789718109004623,29.692961481336475,0.6813557684648217,2.4358728288441136,44.255
0.1,9.832272893468087,0.687371382922114,3.17874440353346,48.389
0.2255282089144284,21.37545618168505,0.7642600394645532,5.0,45.54
0.16465593256119,17.460693223380233,0.6877482397156721,2.8919980232361424,46.982
